game_name	release_year	func_name
Katana ZERO	2019	_Gamemaker
Hotline Miami	2012	_Gamemaker
VA-11 Hall-A: Cyberpunk Bartender Action	2016	_Gamemaker
Iron Snout	2016	_Gamemaker
Undertale	2015	_Gamemaker
Post Void	2020	_Gamemaker
Webbed	2021	_Gamemaker
Nova Drift	2019	_Gamemaker
Fran Bow	2015	_Gamemaker
Nuclear Throne	2015	_Gamemaker
Monolith	2017	_Gamemaker
Rivals of Aether	2017	_Gamemaker
SUPER CHICKEN JUMPER	2021	_Gamemaker
Chicory: A Colorful Tale	2021	_Gamemaker
Cats Organized Neatly	2020	_Gamemaker
Leaf Blower Revolution - Idle Game	2020	_Gamemaker
Chronicon	2020	_Gamemaker
Voidigo	2021	_Gamemaker
Loop Hero	2021	_Gamemaker
DEADBOLT	2016	_Gamemaker
SYNTHETIK	2018	_Gamemaker
RED HOT VENGEANCE	2019	_Gamemaker
Heartbound	2018	_Gamemaker
I Wanna Maker	2020	_Gamemaker
Wandersong	2018	_Gamemaker
Risk of Rain	2013	_Gamemaker
The Crown of Leaves	2018	_Gamemaker
Touhou Endless Dream	2021	_Gamemaker
Cook, Serve, Delicious!	2013	_Gamemaker
RetroMaze	2018	_Gamemaker
Hyper Light Drifter	2016	_Gamemaker
The Red Strings Club	2018	_Gamemaker
Momodora: Reverie Under the Moonlight	2016	_Gamemaker
Wuppo - Definitive Edition	2016	_Gamemaker
Cattails	2017	_Gamemaker
The Void Rains Upon Her Heart	2018	_Gamemaker
Relic Hunters Zero: Remix	2015	_Gamemaker
Gato Roboto	2019	_Gamemaker
Dead Estate	2021	_Gamemaker
Cat Goes Fishing	2015	_Gamemaker
OH MY GOD, LOOK AT THIS KNIGHT	2018	_Gamemaker
Maiden & Spell	2020	_Gamemaker
Tribal Hunter	2021	_Gamemaker
ZeroRanger	2018	_Gamemaker
Vault of the Void	2020	_Gamemaker
Peace, Death! 2	2021	_Gamemaker
Khimera: Destroy All Monster Girls	2016	_Gamemaker
Super Ledgehop: Double Laser	2018	_Gamemaker
Shotgun Witch	2020	_Gamemaker
DYO	2018	_Gamemaker
Peace, Death!	2017	_Gamemaker
Forager	2019	_Gamemaker
Bubble People	2021	_Gamemaker
ElecHead	2021	_Gamemaker
WORLD OF HORROR	2020	_Gamemaker
Cook, Serve, Delicious! 3?!	2020	_Gamemaker
Samurai Gunn 2	2021	_Gamemaker
Card Hog	2020	_Gamemaker
D'LIRIUM	2017	_Gamemaker
Jigoku Kisetsukan: Sense of the Seasons	2015	_Gamemaker
Siralim 3	2018	_Gamemaker
Bot Vice	2016	_Gamemaker
Savant - Ascent	2013	_Gamemaker
Toodee and Topdee	2021	_Gamemaker
Levelhead	2020	_Gamemaker
Russian Subway Dogs	2018	_Gamemaker
Siralim Ultimate	2021	_Gamemaker
Lovers of Aether	2019	_Gamemaker
Annalynn	2021	_Gamemaker
Slice of Sea	2021	_Gamemaker
Spirits Abyss	2020	_Gamemaker
Mini-Dead	2018	_Gamemaker
Knock Harder	2020	_Gamemaker
Press Any Button	2021	_Gamemaker
Momodora III	2014	_Gamemaker
Sword Rogue	2020	_Gamemaker
Mixolumia	2020	_Gamemaker
Jet Lancer	2020	_Gamemaker
Disc Room	2020	_Gamemaker
Dogs Organized Neatly	2021	_Gamemaker
Mondealy: Day One	2021	_Gamemaker
Space Between Worlds	2018	_Gamemaker
Ato	2020	_Gamemaker
Bacon May Die	2021	_Gamemaker
The Room Syndrome	2019	_Gamemaker
BROK the InvestiGator - Prologue	2020	_Gamemaker
Sheepo	2020	_Gamemaker
Dread X Collection 2	2020	_Gamemaker
The Spike	2020	_Gamemaker
Space Gladiators	2021	_Gamemaker
30XX	2021	_Gamemaker
Knock Harder: Useless	2020	_Gamemaker
Minit Fun Racer	2021	_Gamemaker
My Name is Mayo 2	2020	_Gamemaker
Virgo Versus the Zodiac	2019	_Gamemaker
Champions of Breakfast	2016	_Gamemaker
Super Jigsaw Puzzle: Generations	2019	_Gamemaker
Flywrench	2015	_Gamemaker
Wally and the FANTASTIC PREDATORS	2019	_Gamemaker
LOVE 2: kuso	2017	_Gamemaker
IMSCARED	2016	_Gamemaker
Bad Dream: Coma	2017	_Gamemaker
Just, Bearly	2018	_Gamemaker
Super Raft Boat	2021	_Gamemaker
SYNTHETIK: Arena	2019	_Gamemaker
Intergalactic Fishing	2020	_Gamemaker
Flappatron	2019	_Gamemaker
Astronarch	2021	_Gamemaker
Mr. Massagy	2016	_Gamemaker
Antonball Deluxe	2021	_Gamemaker
Evan's Remains	2020	_Gamemaker
Colorful Colore	2020	_Gamemaker
Nidhogg	2014	_Gamemaker
UBERMOSH Vol.5	2017	_Gamemaker
Samurai Gunn	2013	_Gamemaker
RagingBlasters	2021	_Gamemaker
Legend Bowl	2021	_Gamemaker
Minit	2018	_Gamemaker
Super Crate Box	2012	_Gamemaker
Zombie Kill of the Week - Reborn	2015	_Gamemaker
Skelly Selest	2018	_Gamemaker
Toaster Jam	2018	_Gamemaker
The Caribbean Sail	2017	_Gamemaker
LOVE	2014	_Gamemaker
Khimera: Puzzle Island	2020	_Gamemaker
Simmiland	2018	_Gamemaker
Green Elephant 2D	2017	_Gamemaker
Feel The Snow	2019	_Gamemaker
Carrie's Order Up	2016	_Gamemaker
Cook, Serve, Delicious! 2!!	2017	_Gamemaker
Skeleton Boomerang	2017	_Gamemaker
You Have 10 Seconds	2016	_Gamemaker
Sector Six	2018	_Gamemaker
Siralim 2	2016	_Gamemaker
Shotgun Legend	2018	_Gamemaker
UBERMOSH	2015	_Gamemaker
Strikey Sisters	2017	_Gamemaker
SUPER BENBO QUEST: TURBO DELUXE	2018	_Gamemaker
Circa Infinity	2015	_Gamemaker
Futa Fix Dick Dine and Dash	2020	_Gamemaker
Morphblade	2017	_Gamemaker
Blazing Chrome	2019	_Gamemaker
Overclocked	2018	_Gamemaker
Dogworld	2021	_Gamemaker
Grim Nights	2018	_Gamemaker
Q-YO Blaster	2018	_Gamemaker
Hargrave	2020	_Gamemaker
Game Soup	2019	_Gamemaker
Foto Flash	2018	_Gamemaker
You Have 10 Seconds 2	2016	_Gamemaker
The Cat Games	2017	_Gamemaker
Brickochet	2017	_Gamemaker
Please, Don‚Äôt Touch Anything	2015	_Gamemaker
Boring Man - Online Tactical Stickman Combat	2015	_Gamemaker
Dread X Collection 3	2020	_Gamemaker
Suits: Absolute Power	2020	_Gamemaker
Sokpop S08: helionaut	2020	_Gamemaker
Catacomb Kids	2015	_Gamemaker
Rubber Ducky and the Rainbow Gun	2015	_Gamemaker
UBERMOSH:SANTICIDE	2018	_Gamemaker
Cavity Busters	2020	_Gamemaker
Shisensho Solitaire	2019	_Gamemaker
Tiny Bird Garden Deluxe	2018	_Gamemaker
Booth: A Dystopian Adventure	2020	_Gamemaker
Arietta of Spirits	2021	_Gamemaker
Life Tastes Like Cardboard	2019	_Gamemaker
Sokpop S07: Chatventures	2020	_Gamemaker
Stoneshard: Prologue	2018	_Gamemaker
Crashlands	2016	_Gamemaker
Golden Hornet	2017	_Gamemaker
Kharon's Crypt - Even Death May Die	2020	_Gamemaker
Bunny's Flowers	2021	_Gamemaker
Gachi Revenge	2020	_Gamemaker
Lost Potato	2020	_Gamemaker
Burger Joint	2020	_Gamemaker
AshenForest	2020	_Gamemaker
The Walking Vegetables	2017	_Gamemaker
10mg: You are such a Soft and Round Kitten.	2020	_Gamemaker
Poggers	2019	_Gamemaker
Garden Story	2021	_Gamemaker
The friends of Ringo Ishikawa	2018	_Gamemaker
Shopping Empire Tycoon	2021	_Gamemaker
NotTheNameWeWanted	2015	_Gamemaker
Reverse Crawl	2015	_Gamemaker
Stealth Bastard Deluxe	2012	_Gamemaker
TANKS	2018	_Gamemaker
Lofi Ping Pong	2019	_Gamemaker
Acid Nimbus	2018	_Gamemaker
Pitcher and the Whale	2020	_Gamemaker
Phucker in the Gulag	2019	_Gamemaker
Dap: Prologue	2021	_Gamemaker
Power of Ten - Demo	2020	_Gamemaker
SWARMRIDERS	2016	_Gamemaker
Juiced!	2020	_Gamemaker
TWWWR	2020	_Gamemaker
Sigma Impact	2021	_Gamemaker
50 years	2017	_Gamemaker
Awesomenauts	2012	_Gamemaker
TV Kid	2021	_Gamemaker
Zed Survival	2018	_Gamemaker
UBERMOSH:OMEGA	2019	_Gamemaker
Thy Sword	2017	_Gamemaker
Halloween Forever	2016	_Gamemaker
Police Stories	2019	_Gamemaker
Ultimate Racing 2D	2018	_Gamemaker
Castle Break	2019	_Gamemaker
Magnibox	2019	_Gamemaker
-SPROUT-	2020	_Gamemaker
The Wizard and The Slug	2020	_Gamemaker
Dininho Adventures: Definitive Edition	2021	_Gamemaker
SUPER FLAIL	2018	_Gamemaker
SnOut	2021	_Gamemaker
Dap	2021	_Gamemaker
ITTA	2020	_Gamemaker
Rolling Bird	2018	_Gamemaker
Ain Dodo	2019	_Gamemaker
Revita	2021	_Gamemaker
Make Me LAG	2020	_Gamemaker
The Tram of Wishes	2021	_Gamemaker
Sokpop S09: fishy 3D	2020	_Gamemaker
Serious Scramblers	2019	_Gamemaker
Gunkid 99	2019	_Gamemaker
DANMAKAI: Red Forbidden Fruit	2020	_Gamemaker
Let Them Come	2017	_Gamemaker
Sokpop S09: pyramida	2020	_Gamemaker
Karate Cat	2019	_Gamemaker
The Cyclist: Tactics	2021	_Gamemaker
Stand 'em Up	2021	_Gamemaker
Gun Witch	2020	_Gamemaker
Straimium Immortaly	2016	_Gamemaker
Blazing Beaks	2019	_Gamemaker
Witchinour	2017	_Gamemaker
Socialism Simulator	2021	_Gamemaker
Legend of Himari	2018	_Gamemaker
OUTTA GAS	2020	_Gamemaker
Break The Targets	2018	_Gamemaker
Cinders	2014	_Gamemaker
Clockwork Calamity in Mushroom World: What would you do if the time stopped ticking?	2021	_Gamemaker
Colors! Maze	2021	_Gamemaker
Bankrupt Heroines	2020	_Gamemaker
vApe Escape	2019	_Gamemaker
Dead	2018	_Gamemaker
Knight Club +	2020	_Gamemaker
Tormentor‚ùåPunisher	2017	_Gamemaker
Fuhrer in LA - Special Edition	2020	_Gamemaker
SOK PRO	2020	_Gamemaker
BLACKHOLE	2015	_Gamemaker
12 is Better Than 6	2015	_Gamemaker
GhostGame	2019	_Gamemaker
The Eternal Castle [REMASTERED]	2019	_Gamemaker
Gunlock	2017	_Gamemaker
The Quarter Game	2017	_Gamemaker
SpritePile	2019	_Gamemaker
Phucker in the Woods	2019	_Gamemaker
Golf Club Wasteland	2021	_Gamemaker
Shine Within	2021	_Gamemaker
Colt Canyon	2020	_Gamemaker
Ticket	2017	_Gamemaker
Hiiro	2016	_Gamemaker
Viviette	2018	_Gamemaker
IIslands of War	2020	_Gamemaker
1 Screen Platformer	2019	_Gamemaker
Handsome Mr. Frog	2016	_Gamemaker
Invasher	2019	_Gamemaker
Infini	2020	_Gamemaker
Head AS Code	2021	_Gamemaker
Mystik Belle	2015	_Gamemaker
TTV2	2017	_Gamemaker
Astral Gunners	2020	_Gamemaker
Project:Pong	2020	_Gamemaker
BOX: Space Station	2021	_Gamemaker
UBERMOSH Vol.3	2016	_Gamemaker
Haque	2017	_Gamemaker
Within the blade	2019	_Gamemaker
Super XYX	2020	_Gamemaker
Coin Crypt	2014	_Gamemaker
Dingletopia: Nation Under Siege (by Orcs)	2020	_Gamemaker
Amaranthine	2016	_Gamemaker
E.Z	2018	_Gamemaker
Rock 'N' Roll Defense	2016	_Gamemaker
Sokpop S10: Pocket Watch	2021	_Gamemaker
Oh Jeez, Oh No, My Rabbits Are Gone!	2019	_Gamemaker
Space Mayhem	2019	_Gamemaker
Crowtel Renovations	2017	_Gamemaker
Touhou Ibunseki - Ayaria Dawn: ReCreation	2019	_Gamemaker
Valdis Story: Abyssal City	2013	_Gamemaker
Energy Shock	2019	_Gamemaker
Jump Off The Bridge	2019	_Gamemaker
Type Knight	2019	_Gamemaker
NOMAD	2020	_Gamemaker
Space Gladiators: The Hole	2020	_Gamemaker
Watermelon Blocks	2021	_Gamemaker
GUN GODZ	2019	_Gamemaker
ÈïøÂÆâÂ§úÊòé	2021	_Gamemaker
RITE	2020	_Gamemaker
Viktor, a Steampunk Adventure	2017	_Gamemaker
Everybody Wham Wham	2021	_Gamemaker
The Corruption Within	2021	_Gamemaker
WAVESHAPER	2017	_Gamemaker
Planes, Bullets and Vodka	2016	_Gamemaker
Razortron 2000	2016	_Gamemaker
Fae Tactics	2020	_Gamemaker
Squishy the Suicidal Pig	2014	_Gamemaker
SmartyTale 2D	2019	_Gamemaker
Syntherapy	2020	_Gamemaker
Kiki & Ana - The Child	2021	_Gamemaker
Magic of Autumn	2020	_Gamemaker
BigChick	2021	_Gamemaker
Super Glitter Rush	2021	_Gamemaker
Azure	2020	_Gamemaker
Estigma [Steam Edition]	2020	_Gamemaker
I dream of you and ice cream	2020	_Gamemaker
FIREWORK	2018	_Gamemaker
Applewood	2019	_Gamemaker
10 Second Ninja	2014	_Gamemaker
Spooky Station	2019	_Gamemaker
Dumpy & Bumpy	2021	_Gamemaker
PyroMind	2019	_Gamemaker
RetroMania Wrestling	2021	_Gamemaker
Tower Fortress	2017	_Gamemaker
Psebay	2017	_Gamemaker
Deranged Rabbits	2016	_Gamemaker
Overcrowd: A Commute 'Em Up	2020	_Gamemaker
Wonder Wickets	2018	_Gamemaker
Rogue Stache	2019	_Gamemaker
Crawlco Block Knockers	2019	_Gamemaker
Prime Mover	2018	_Gamemaker
Wequer	2019	_Gamemaker
Super Skelemania	2017	_Gamemaker
Sword of the Necromancer - Prologue	2020	_Gamemaker
Zeroptian Invasion	2018	_Gamemaker
Soko Loco Deluxe	2019	_Gamemaker
Blackout Z: Slaughterhouse Edition	2017	_Gamemaker
Power of Ten	2021	_Gamemaker
Misadventures of Laura Silver	2019	_Gamemaker
Into the Fray	2018	_Gamemaker
Riptale	2017	_Gamemaker
Cursed Castilla (Maldita Castilla EX)	2016	_Gamemaker
Trip to Vinelands	2016	_Gamemaker
Existensis	2021	_Gamemaker
Wings Of Bluestar	2020	_Gamemaker
Defenders of Ekron	2017	_Gamemaker
Upaon: A Snake's Journey	2021	_Gamemaker
Cubrick	2017	_Gamemaker
Brother Brother	2019	_Gamemaker
Colour Box	2018	_Gamemaker
Void Invaders	2015	_Gamemaker
Rec Center Tycoon	2019	_Gamemaker
The Ice Caves	2020	_Gamemaker
Beard Blade	2021	_Gamemaker
Devil Engine	2019	_Gamemaker
Immortal Defense	2015	_Gamemaker
Bob Help Them	2020	_Gamemaker
Dragon Creek	2021	_Gamemaker
Caveblazers Together	2019	_Gamemaker
Wild Glory	2018	_Gamemaker
REDO!	2019	_Gamemaker
Missile Cards	2017	_Gamemaker
Star Rogue	2016	_Gamemaker
Void Breach	2020	_Gamemaker
Hexagon puzzle	2021	_Gamemaker
Hollow Island	2020	_Gamemaker
Red Ronin	2021	_Gamemaker
The StoryTale	2019	_Gamemaker
Pixel Puzzles 2: Space	2016	_Gamemaker
Particle Wars	2019	_Gamemaker
Headbangers in Holiday Hell	2020	_Gamemaker
God of the Arena Dungeon	2021	_Gamemaker
Totemlands	2021	_Gamemaker
TetraLogical	2019	_Gamemaker
Siralim	2015	_Gamemaker
Skautfold: Moonless Knight	2020	_Gamemaker
The Underground Watcher	2019	_Gamemaker
Lufulus' Creatures	2020	_Gamemaker
Ministry of Broadcast	2020	_Gamemaker
Indie Pogo	2018	_Gamemaker
SAVAGE: The Shard of Gosen	2019	_Gamemaker
My Name is Mayo	2016	_Gamemaker
Radium 2	2017	_Gamemaker
RaidTitans	2020	_Gamemaker
Gebub's Adventure	2016	_Gamemaker
WHO IS AWESOME	2020	_Gamemaker
The Magister	2021	_Gamemaker
Custodian: Beginning of the End	2021	_Gamemaker
The ER: Patient Typhon	2021	_Gamemaker
HUH?: and the Adventures of something	2020	_Gamemaker
Boxman's Struggle	2020	_Gamemaker
The Revolt: Awakening	2021	_Gamemaker
Super Hiking League	2020	_Gamemaker
Beyond a Total Loss	2019	_Gamemaker
Frog Hop	2017	_Gamemaker
Things That Bounce and Explode	2021	_Gamemaker
Phucker in the Ashes	2021	_Gamemaker
Speedgunner Ultra	2020	_Gamemaker
UBERMOSH:WRAITH	2017	_Gamemaker
High Strategy: Urukon	2020	_Gamemaker
keyg	2018	_Gamemaker
Sokpop S01: dino game	2020	_Gamemaker
Pixelarium	2019	_Gamemaker
Pulstario	2019	_Gamemaker
Invisibox	2017	_Gamemaker
A House of Many Doors	2017	_Gamemaker
Shiro	2020	_Gamemaker
Adventures of the Worm	2017	_Gamemaker
WaveLand	2017	_Gamemaker
SPACE / MECH / PILOT	2020	_Gamemaker
Skautfold: Shrouded in Sanity	2016	_Gamemaker
The Textorcist: The Story of Ray Bibbia	2019	_Gamemaker
Demetrios - The BIG Cynical Adventure	2016	_Gamemaker
Goblin and Coins	2016	_Gamemaker
Dinogotchi	2021	_Gamemaker
Circuit Dude	2017	_Gamemaker
Mummy Sandbox	2021	_Gamemaker
ScribbleDude	2020	_Gamemaker
Guts 'N Goals	2021	_Gamemaker
Heliopedia	2021	_Gamemaker
Pillars of Dust	2020	_Gamemaker
Stealthscape	2020	_Gamemaker
Super Cucho	2019	_Gamemaker
Gemini	2020	_Gamemaker
The Treehouse Man	2019	_Gamemaker
Cyberhunt	2017	_Gamemaker
Your Adventure	2021	_Gamemaker
Escape the Underground	2021	_Gamemaker
ZeroZone2020	2019	_Gamemaker
illumine	2016	_Gamemaker
Entangle	2017	_Gamemaker
Scribble Ships	2017	_Gamemaker
Dreamer	2021	_Gamemaker
Holt	2021	_Gamemaker
The Sun and Moon	2014	_Gamemaker
1 Screen Platformer: Prologue	2020	_Gamemaker
Village Monsters	2019	_Gamemaker
Puzzgun	2018	_Gamemaker
Eternal Dungeon	2020	_Gamemaker
Briefcase Inc.	2020	_Gamemaker
Critadel	2021	_Gamemaker
UBERMOSH:BLACK	2016	_Gamemaker
10 Second Ninja X	2016	_Gamemaker
Evil Tonight	2021	_Gamemaker
TUNNEL DIVERS	2018	_Gamemaker
You Died but a Necromancer revived you	2019	_Gamemaker
XEYYEX	2019	_Gamemaker
DemonCrawl	2019	_Gamemaker
UBERMOSH Vol.7	2019	_Gamemaker
TitTok	2021	_Gamemaker
Super Galaxy Squadron EX Turbo	2015	_Gamemaker
The Final Boss	2019	_Gamemaker
Mekabolt	2019	_Gamemaker
Gloom	2017	_Gamemaker
Grim Clicker	2020	_Gamemaker
Moonrise Fall	2019	_Gamemaker
Spooky Chase	2020	_Gamemaker
Punchline!!	2019	_Gamemaker
Lines	2017	_Gamemaker
Pixel Puzzles Illustrations & Anime	2021	_Gamemaker
Gal-X-E	2016	_Gamemaker
View From Below	2020	_Gamemaker
Axe Girl	2020	_Gamemaker
ReX	2018	_Gamemaker
HellCat	2018	_Gamemaker
Fighties	2015	_Gamemaker
DRAW CHILLY	2019	_Gamemaker
–°reeps –°reeps? Creeps!	2020	_Gamemaker
Night of the Blood Moon	2019	_Gamemaker
Frantic Dimension	2018	_Gamemaker
Fap Queen 2	2019	_Gamemaker
Crazy Appliances	2018	_Gamemaker
The Mole Men	2021	_Gamemaker
GB Rober	2021	_Gamemaker
BLASK	2019	_Gamemaker
DASH: Danger Action Speed Heroes	2019	_Gamemaker
Alien Attack: Pocket Edition	2018	_Gamemaker
Briquid	2018	_Gamemaker
Deathroids	2020	_Gamemaker
Memorise'n'run	2019	_Gamemaker
‰∏úÊñπÂçÅÊòäÁã± ~ Hella Dazzling Hell!!	2021	_Gamemaker
BlackJack Math	2020	_Gamemaker
Lootbox Lyfe	2020	_Gamemaker
Grizzland	2019	_Gamemaker
Dungeon Color	2021	_Gamemaker
Sokpop S06: bobo robot	2020	_Gamemaker
THE 2048	2017	_Gamemaker
Atelier Tia	2020	_Gamemaker
Flatland: Prologue	2020	_Gamemaker
Hinedere Beat	2018	_Gamemaker
Terrene - An Evidence Of Life Game	2021	_Gamemaker
Midsummer Night	2020	_Gamemaker
Musasabi	2019	_Gamemaker
INK	2015	_Gamemaker
Straima	2015	_Gamemaker
NotCoD‚Ñ¢	2016	_Gamemaker
Toroom	2021	_Gamemaker
Trenches of War	2017	_Gamemaker
Flynn: Son of Crimson	2021	_Gamemaker
Bedfellows FRENZY	2017	_Gamemaker
Territory Idle	2019	_Gamemaker
NOISZ	2018	_Gamemaker
Madrobot X	2016	_Gamemaker
Neighborhorde	2017	_Gamemaker
Doll	2019	_Gamemaker
Space Yandere	2021	_Gamemaker
Spark & Sparkle	2020	_Gamemaker
Elephantasy	2020	_Gamemaker
Bedlamball	2018	_Gamemaker
Day of vaccination	2020	_Gamemaker
Anti-Jump-Man	2021	_Gamemaker
Loneliness	2021	_Gamemaker
Sprite Sequence Chapter 1	2021	_Gamemaker
Sokpop S06: fishy	2020	_Gamemaker
Gun Wings	2015	_Gamemaker
Pixel Puzzles Junior	2017	_Gamemaker
Duke of Defense	2019	_Gamemaker
Pixel Puzzles Mosaics	2017	_Gamemaker
FEMINAZI: The Triggering	2017	_Gamemaker
Boot Camp Fitness	2021	_Gamemaker
Risk System	2019	_Gamemaker
Gunpowder on The Teeth: Arcade	2019	_Gamemaker
my fluffy life	2021	_Gamemaker
Death's Gambit: Afterlife	2018	_Gamemaker
Pixel Star	2015	_Gamemaker
ImageStriker	2019	_Gamemaker
TTV3	2019	_Gamemaker
Blasted Road Terror	2018	_Gamemaker
Phucker in the Rome	2019	_Gamemaker
Consternation II	2020	_Gamemaker
HOUSE OF GOD	2020	_Gamemaker
Nidhogg 2	2017	_Gamemaker
Guile & Glory: Firstborn	2021	_Gamemaker
Hero Hours Contract	2020	_Gamemaker
Super Psy Penguin	2020	_Gamemaker
Hell Blasters	2021	_Gamemaker
Hell's Gate - Slide Puzzle	2021	_Gamemaker
Rocket Ghost Aidan 2		_Gamemaker
[it's possible] Classic	2018	_Gamemaker
Wildfire	2020	_Gamemaker
The Gun Knight	2019	_Gamemaker
Butterfly	2019	_Gamemaker
The Colorful Creature	2021	_Gamemaker
Honey, I Joined a Cult	2021	_Gamemaker
Rev	2020	_Gamemaker
The Dream of Shadowlands	2020	_Gamemaker
Demon Slayer Akagi	2021	_Gamemaker
Hentai Waifu	2019	_Gamemaker
FLATLAND Vol.1	2019	_Gamemaker
Sea Salt	2019	_Gamemaker
Street karate 3	2021	_Gamemaker
Pizza Express	2015	_Gamemaker
Steel Rain	2015	_Gamemaker
PixageFX	2021	_Gamemaker
STAB STAB STAB!	2019	_Gamemaker
Kite	2018	_Gamemaker
Vertical Drop Heroes HD	2014	_Gamemaker
Omni Link	2018	_Gamemaker
Soft Body	2016	_Gamemaker
Sokpop S09: King Pins	2020	_Gamemaker
Darkness Under My Bed	2021	_Gamemaker
Dreadborne Drifters	2019	_Gamemaker
Plaguepunk Justice	2019	_Gamemaker
Drifting Cloud	2018	_Gamemaker
Halloween Arkanoid 2	2018	_Gamemaker
Buddinpals - Take One Home With You !!	2018	_Gamemaker
Fake Illusions	2020	_Gamemaker
Hope; or How We Survived	2019	_Gamemaker
Azurebreak Heroes	2020	_Gamemaker
Raven's Hike	2021	_Gamemaker
The Manse on Soracca	2020	_Gamemaker
Krystal the Adventurer	2018	_Gamemaker
The Adventures of Clive McMulligan on Planet Zeta Four	2018	_Gamemaker
Kill Fish	2021	_Gamemaker
TRF - The Race Factory	2020	_Gamemaker
ASSAULT SHELL	2021	_Gamemaker
Tamiku	2020	_Gamemaker
Wintercearig	2019	_Gamemaker
Without my arms	2020	_Gamemaker
Dungeon Explorer	2021	_Gamemaker
Kings Of Wings	2019	_Gamemaker
Temple of Rust	2018	_Gamemaker
Run Dude	2020	_Gamemaker
miniLAW: Ministry of Law	2020	_Gamemaker
Polygoneer	2017	_Gamemaker
M.E.A.T.	2021	_Gamemaker
BOOR	2017	_Gamemaker
Steel Alcimus	2018	_Gamemaker
Super Star Path	2015	_Gamemaker
Double	2019	_Gamemaker
Disjunction	2021	_Gamemaker
Huusuienbu - Chapter Spring and Summer	2019	_Gamemaker
Birth ME Code	2020	_Gamemaker
Serin Fate	2021	_Gamemaker
Monster Slayers	2017	_Gamemaker
Writers	2017	_Gamemaker
Bamboo EP	2016	_Gamemaker
Raifu Wars	2020	_Gamemaker
Uagi-Saba	2018	_Gamemaker
Splinter Zone	2017	_Gamemaker
Antisnake	2021	_Gamemaker
Puzzle Party	2020	_Gamemaker
Null Drifter	2019	_Gamemaker
SwordBounce	2018	_Gamemaker
Sokpop S05: sok-stories	2020	_Gamemaker
Gekraxel	2019	_Gamemaker
Sokpop S04: Featherfall	2020	_Gamemaker
Pixel Gladiator	2017	_Gamemaker
FadeZone	2020	_Gamemaker
Broken Armor	2016	_Gamemaker
Merlin adventurer store	2016	_Gamemaker
Neon City Riders	2020	_Gamemaker
Earth Overclocked	2015	_Gamemaker
The Story Goes On	2018	_Gamemaker
Wanderer of Teandria	2017	_Gamemaker
There Will Be Ink	2019	_Gamemaker
Binky's Trash Service	2021	_Gamemaker
KIRO	2020	_Gamemaker
Birdcakes	2018	_Gamemaker
Vacuum Pilot	2021	_Gamemaker
In Search of Fon Vitae	2021	_Gamemaker
ZYX STORY	2018	_Gamemaker
Button Soccer League	2020	_Gamemaker
FOS	2020	_Gamemaker
Unworthy	2018	_Gamemaker
Magic Potion Millionaire	2020	_Gamemaker
Fantasy Mosaics 14: Fourth Color	2016	_Gamemaker
MANIC	2019	_Gamemaker
Blink the Bulb	2017	_Gamemaker
Colors!	2021	_Gamemaker
Magical Waifus Academy	2021	_Gamemaker
Pixel Puzzles 2: Christmas	2018	_Gamemaker
ROGO	2018	_Gamemaker
Way of the Red	2016	_Gamemaker
Heads Run	2018	_Gamemaker
Warlock Bentspine	2020	_Gamemaker
Nadia Was Here	2017	_Gamemaker
Oliver's Adventures in the Fairyland	2019	_Gamemaker
Sudoku RPG	2021	_Gamemaker
Lucid Dream	2018	_Gamemaker
Shrouded in Sanity: Freebirth	2018	_Gamemaker
Good Night, Knight	2021	_Gamemaker
Super Intergalactic Gang	2016	_Gamemaker
BANANO BROS.	2017	_Gamemaker
Hepta Beats	2021	_Gamemaker
Hyperspace Invaders II: DX	2015	_Gamemaker
The Slormancer	2021	_Gamemaker
Comrades and Barons: Solitaire of Bloody 1919	2018	_Gamemaker
Peachleaf Pirates	2021	_Gamemaker
Middle Age Conquest	2021	_Gamemaker
Retrace	2020	_Gamemaker
Platform Builder	2018	_Gamemaker
Flatland Vol.2	2020	_Gamemaker
Disparity	2017	_Gamemaker
Driven Out	2019	_Gamemaker
Mustache in Hell	2016	_Gamemaker
Cryogear	2020	_Gamemaker
Space Waver	2017	_Gamemaker
Ufflegrim	2020	_Gamemaker
Blindia	2018	_Gamemaker
Living the Nightmare	2020	_Gamemaker
Nyanroo The Supercat	2021	_Gamemaker
Underwater Rescue	2021	_Gamemaker
Abha	2018	_Gamemaker
Heartseeker	2021	_Gamemaker
Hellcraze	2021	_Gamemaker
Sokpop S02: Hoco Poco	2020	_Gamemaker
Fusion SHIFT	2020	_Gamemaker
Hell's Pharma	2020	_Gamemaker
JMPR	2020	_Gamemaker
Rage Among The Stars	2020	_Gamemaker
Ambidangerous	2019	_Gamemaker
10mg: Stroke	2020	_Gamemaker
Jujubos Puzzle	2021	_Gamemaker
Speed Sweeper	2020	_Gamemaker
GravKitten	2021	_Gamemaker
Super Jagua	2016	_Gamemaker
Dark Deity	2021	_Gamemaker
Ghost Croquet	2016	_Gamemaker
HIKIBYOU2	2017	_Gamemaker
Kochu's Dream	2021	_Gamemaker
Bad Dream: Stories	2021	_Gamemaker
Madcap Castle	2017	_Gamemaker
Alien Death Mob	2021	_Gamemaker
Laser Maze	2019	_Gamemaker
mr.Vegan	2018	_Gamemaker
Omega Strike	2017	_Gamemaker
PIXELMAN	2018	_Gamemaker
Stoneshard	2020	_Gamemaker
ClickRaid	2017	_Gamemaker
Naughty Girl	2019	_Gamemaker
Faith of Fate	2020	_Gamemaker
I Can See the Future	2017	_Gamemaker
Bad Dream: Fever	2018	_Gamemaker
Ghost Sweeper	2016	_Gamemaker
Ultimate Racing 2D 2	2021	_Gamemaker
Alien Escape	2019	_Gamemaker
Grim Nights 2	2021	_Gamemaker
Outside the Lines	2018	_Gamemaker
in My MIND.	2018	_Gamemaker
Super Game Jam	2014	_Gamemaker
Clown In A House	2021	_Gamemaker
Domestic Dog	2015	_Gamemaker
Hero Siege	2014	_Gamemaker
SPINGUN	2016	_Gamemaker
Space Cat	2016	_Gamemaker
Salmon Ninja	2016	_Gamemaker
Mealmates	2020	_Gamemaker
Farmageddon: A Cattle Royale	2021	_Gamemaker
Gauge Of Rage	2018	_Gamemaker
Cube Paradox	2020	_Gamemaker
Tubetastic World Splashfest	2020	_Gamemaker
Lost Crew	2016	_Gamemaker
Offendron Warrior	2018	_Gamemaker
Fallen Angel	2020	_Gamemaker
Abomi Nation	2021	_Gamemaker
All You Can Eat	2017	_Gamemaker
Don Flatus: Poop Hunter	2020	_Gamemaker
Sokpop S08: Yardlings	2020	_Gamemaker
Mech Chip	2019	_Gamemaker
Slimefrog	2021	_Gamemaker
Snow Ash Land	2018	_Gamemaker
Levantera: Tale of The Winds	2018	_Gamemaker
ChefSquad	2021	_Gamemaker
Blub Emporium	2021	_Gamemaker
Bouncing Hero	2019	_Gamemaker
ËæπÂ¢ÉÂ∞ÅÈó≠	2018	_Gamemaker
Sokpop S10: WILD-9	2021	_Gamemaker
Dininho Space Adventure	2021	_Gamemaker
9 Till Void	2020	_Gamemaker
Spermicide	2021	_Gamemaker
Cool Headed	2018	_Gamemaker
Speedrun Squad	2019	_Gamemaker
PuPaiPo Space Deluxe	2019	_Gamemaker
Fantasy Mosaics 18: Explore New Colors	2017	_Gamemaker
Fantasy Mosaics 15: Ancient Land	2017	_Gamemaker
Notebook Artillery	2020	_Gamemaker
Ducks' Wrath	2020	_Gamemaker
Mushroom Savior	2020	_Gamemaker
Frak!	2020	_Gamemaker
Colourless	2018	_Gamemaker
BlackJack Math Cross Numbers	2021	_Gamemaker
Robo-Boy Risky Venture	2021	_Gamemaker
Entity Researchers	2021	_Gamemaker
Treasure Drifter: Nian	2021	_Gamemaker
DEAD	2020	_Gamemaker
Juice FX	2019	_Gamemaker
Shining Song Starnova: Idol Empire	2020	_Gamemaker
Stories of Bethem: Full Moon	2015	_Gamemaker
7	2018	_Gamemaker
David.	2015	_Gamemaker
Detective Case and Clown Bot in: The Express Killer	2018	_Gamemaker
Beast Agenda 2030	2019	_Gamemaker
BulletGarden	2021	_Gamemaker
Bacon Rebellion	2021	_Gamemaker
The Metamorphosis	2020	_Gamemaker
Ludoku	2015	_Gamemaker
Cally's Caves 4	2018	_Gamemaker
Inclement	2018	_Gamemaker
Mainlining	2017	_Gamemaker
Taimumari: Definitive Edition	2015	_Gamemaker
Black Hole Hazard	2016	_Gamemaker
Feral Fury	2017	_Gamemaker
Gun Bombers	2016	_Gamemaker
You Have 10 Seconds 3	2018	_Gamemaker
Monster Girl Incursion	2020	_Gamemaker
Dungeons of Clay	2020	_Gamemaker
Dead Quest	2019	_Gamemaker
Taco Gun	2018	_Gamemaker
Fables of Talumos	2019	_Gamemaker
Box Kid Adventures	2020	_Gamemaker
Blue Flame	2021	_Gamemaker
Inner Tao	2021	_Gamemaker
Plunder	2019	_Gamemaker
Fantasy Mosaics 17: New Palette	2017	_Gamemaker
ASTROVITY	2020	_Gamemaker
Project MALLOW	2017	_Gamemaker
Backpack Twins	2019	_Gamemaker
Ardarium	2021	_Gamemaker
Lucid: Parables of the Ubermensch	2021	_Gamemaker
Nerm the Worm	2020	_Gamemaker
Duelist	2021	_Gamemaker
Oh Boy Cheese	2018	_Gamemaker
Essays on Empathy	2021	_Gamemaker
Fenix Rage	2014	_Gamemaker
OESE	2016	_Gamemaker
The Slimeking's Tower	2021	_Gamemaker
FURRY GIRL PUZZLE	2019	_Gamemaker
Risen Kingdom	2020	_Gamemaker
ASCENXION	2021	_Gamemaker
Watch Me Jump	2018	_Gamemaker
Detective Case and Clown Bot in: Murder in the Hotel Lisbon	2014	_Gamemaker
Ruin of the Reckless	2017	_Gamemaker
Daydreamer	2015	_Gamemaker
Dream Enders	2019	_Gamemaker
Innoquous 5	2016	_Gamemaker
Job the Leprechaun	2015	_Gamemaker
Nevaeh	2020	_Gamemaker
Kiai Resonance	2015	_Gamemaker
Airstrife: Assault of the Aviators	2021	_Gamemaker
Alpha Runner	2015	_Gamemaker
Tyrannis	2020	_Gamemaker
A Day	2021	_Gamemaker
ERSATZ	2017	_Gamemaker
Puzlogic	2018	_Gamemaker
Hyper Scuffle	2019	_Gamemaker
Retro War	2020	_Gamemaker
RPS Runner	2017	_Gamemaker
Greedy Bubble	2021	_Gamemaker
Jelly Killer	2016	_Gamemaker
Alpha & Beta	2018	_Gamemaker
Pixel FX Designer	2018	_Gamemaker
Mold on Pizza üçï	2015	_Gamemaker
Ctrl CV	2018	_Gamemaker
Obsurity	2020	_Gamemaker
Coldfall	2018	_Gamemaker
Seals of the Bygone	2020	_Gamemaker
RedEX	2020	_Gamemaker
The Wave Story	2021	_Gamemaker
Way of the Passive Fist	2018	_Gamemaker
Cellar	2016	_Gamemaker
YANKAI'S TRIANGLE	2016	_Gamemaker
Alone With You	2017	_Gamemaker
Onion Force	2016	_Gamemaker
Metaloid : Origin	2019	_Gamemaker
Daemon Detective Gaiden	2015	_Gamemaker
Band of Outlaws	2017	_Gamemaker
Abyss Crew	2020	_Gamemaker
Fatty Rabbit Hole	2017	_Gamemaker
Breathing Fear	2020	_Gamemaker
Weapon and Armor: Mahjong	2017	_Gamemaker
Smart Moves	2020	_Gamemaker
Cannon Father	2020	_Gamemaker
Xander the Monster Morpher: Universe Breaker	2019	_Gamemaker
Maddening Euphoria	2017	_Gamemaker
All-Inn	2021	_Gamemaker
Galaxy Annihilation	2017	_Gamemaker
Dualism	2021	_Gamemaker
Pocket Penguin ( „Éù„Ç±„ÉÉ„Éà„Éö„É≥„ÇÆ„É≥)	2020	_Gamemaker
No One Can Ever Know	2020	_Gamemaker
Where the Money Is	2017	_Gamemaker
Pulse Jumper	2021	_Gamemaker
Beardy McStrongarm	2020	_Gamemaker
Danger!Energy	2018	_Gamemaker
My Nuclear Octopus	2020	_Gamemaker
ASTRO ACE	2021	_Gamemaker
MIBT	2020	_Gamemaker
PUFIWEHO	2020	_Gamemaker
Twig & Flipper	2021	_Gamemaker
Jade Cicada	2020	_Gamemaker
Pecaminosa - a pixel noir game	2021	_Gamemaker
Mandew vs the Colorless Curse	2020	_Gamemaker
Last Horizon	2015	_Gamemaker
The Rainsdowne Players	2018	_Gamemaker
Mission 1985	2021	_Gamemaker
Sticky Paws	2019	_Gamemaker
Hero's everyday life	2021	_Gamemaker
Perfectly Balanced	2021	_Gamemaker
Hungry Bunny	2021	_Gamemaker
Fast Cubes	2020	_Gamemaker
Space Climber	2019	_Gamemaker
Dot to Dot Puzzles	2018	_Gamemaker
A Bloody Night	2017	_Gamemaker
Ciel Fledge: A Daughter Raising Simulator	2020	_Gamemaker
Nihilist Simulator	2017	_Gamemaker
Voodoo Garden	2016	_Gamemaker
Jack Axe	2021	_Gamemaker
Memoir En Code: Reissue	2016	_Gamemaker
Pre-Shave	2020	_Gamemaker
2 Ninjas 1 Cup	2017	_Gamemaker
The Islander: Town Architect	2019	_Gamemaker
Snowflake's Chance	2017	_Gamemaker
In Extremis	2016	_Gamemaker
Loot Train	2021	_Gamemaker
Cybermotion	2017	_Gamemaker
Castle of no Escape 2	2016	_Gamemaker
Radium	2015	_Gamemaker
First Feudal	2021	_Gamemaker
Just A Dream	2017	_Gamemaker
Tower of Shades	2020	_Gamemaker
GravNewton	2017	_Gamemaker
100 RUB: Operation Global Denomination	2020	_Gamemaker
Morbid: The Seven Acolytes	2020	_Gamemaker
Pixel Puzzles Ultimate	2016	_Gamemaker
Asher	2018	_Gamemaker
Brotherhood United	2018	_Gamemaker
Theseus: Journey to Athens	2019	_Gamemaker
Myth Bearer	2020	_Gamemaker
Binarystar Infinity	2021	_Gamemaker
Toadomination	2021	_Gamemaker
TACTICAL	2017	_Gamemaker
Algebra Ridge	2020	_Gamemaker
One True Cuddle	2020	_Gamemaker
SUBS	2019	_Gamemaker
Orange Santa	2021	_Gamemaker
Rocket Ghost Aidan	2020	_Gamemaker
Death Box	2021	_Gamemaker
Ymir	2019	_Gamemaker
Breaking Gates	2020	_Gamemaker
Project Crimson	2020	_Gamemaker
Sokpop S06: Ollie & Bollie: Outdoor Estate	2020	_Gamemaker
Sticker Craft	2017	_Gamemaker
Bard's Gold	2015	_Gamemaker
Burn It Down	2017	_Gamemaker
Dark Grim Mariupolis	2018	_Gamemaker
Midnight Ride	2020	_Gamemaker
In Dungeon	2018	_Gamemaker
Rocket Blasters	2017	_Gamemaker
Maniac Path 2	2021	_Gamemaker
RUN OR FIGHT	2020	_Gamemaker
Gospel of Abaddon	2021	_Gamemaker
Lorera	2020	_Gamemaker
TitTok Girls	2021	_Gamemaker
FALCO AXE	2021	_Gamemaker
Dungeon Souls	2016	_Gamemaker
Crypterion	2020	_Gamemaker
Wizard Hunter 2348	2018	_Gamemaker
Shadowforge	2020	_Gamemaker
Emerald Shores	2018	_Gamemaker
Suprapong	2018	_Gamemaker
Never Going Home	2020	_Gamemaker
ULTRA NINJA SOUL	2021	_Gamemaker
Impossible Pixels	2021	_Gamemaker
ASSASSINATION STATION	2017	_Gamemaker
A-Star Theft	2020	_Gamemaker
Unknown Castle	2019	_Gamemaker
Opus Mortem	2018	_Gamemaker
Rewrite - DYH	2020	_Gamemaker
Butterfly 2	2019	_Gamemaker
Dominating the skies	2021	_Gamemaker
Starkid's Obstacle Course	2018	_Gamemaker
Dimetrosaur 2	2020	_Gamemaker
Way of Boy: Another Way	2020	_Gamemaker
Starship Turd Nugget: Too Cool For Stool	2020	_Gamemaker
Slime Killer	2021	_Gamemaker
Void Source	2020	_Gamemaker
WARPZONE DRIFTER	2018	_Gamemaker
Pixel Puzzles Traditional Jigsaws	2019	_Gamemaker
Drawngeon: Dungeons of Ink and Paper	2019	_Gamemaker
SWARMRIDER OMEGA	2017	_Gamemaker
Spoiler Alert	2014	_Gamemaker
Pixel Puzzles 2: Anime	2015	_Gamemaker
Deep Night Detective	2021	_Gamemaker
PONG Quest‚Ñ¢	2020	_Gamemaker
Sokpop S07: deer hunter II	2020	_Gamemaker
Wicce	2016	_Gamemaker
Craft Craft Craft!	2021	_Gamemaker
Dog Jam	2018	_Gamemaker
Cloud Bashers DX	2021	_Gamemaker
Doodle Derby	2020	_Gamemaker
Game For Anna	2021	_Gamemaker
Red Algorithm	2021	_Gamemaker
Burak Bahar's Unseen Anchor	2018	_Gamemaker
KOMMERSANT	2019	_Gamemaker
Super Hyperactive Ninja	2018	_Gamemaker
Carestia	2021	_Gamemaker
Pixel Puzzles 2: Paintings	2019	_Gamemaker
Rogue Sentry	2021	_Gamemaker
Mysterious warrior	2021	_Gamemaker
Zeus Begins	2019	_Gamemaker
TripTrip	2018	_Gamemaker
Nation Breakers: Steam Arena	2019	_Gamemaker
Amora Crystal	2019	_Gamemaker
Drop Up	2018	_Gamemaker
Ink Cipher	2018	_Gamemaker
Bomb Bowling	2019	_Gamemaker
Skip's Sanity	2018	_Gamemaker
Hardbass Clicker	2020	_Gamemaker
Elmo's Kangaroo of the damned: PUNISHMENT EDITION	2020	_Gamemaker
Lord of the Click 2	2021	_Gamemaker
Star Hunter DX	2021	_Gamemaker
Intrusion Protocol	2017	_Gamemaker
The Magnets	2021	_Gamemaker
ChargeShot	2015	_Gamemaker
Friend ReQuest - A Playable Teaser	2021	_Gamemaker
Vectorium	2018	_Gamemaker
Nary	2016	_Gamemaker
Hats and Hand Grenades	2021	_Gamemaker
Starsphere	2015	_Gamemaker
Mushroom Quest	2018	_Gamemaker
Mighty Switch Force! Academy	2015	_Gamemaker
IN-VERT: Definitive Edition	2018	_Gamemaker
GLADIUM	2021	_Gamemaker
Sokpop S06: Sunset Kingdom	2020	_Gamemaker
Hoppup!	2020	_Gamemaker
Azure Sky	2021	_Gamemaker
Exile Squadron	2019	_Gamemaker
Bonfire	2020	_Gamemaker
Quest? Quest!	2020	_Gamemaker
Deadly Contact	2017	_Gamemaker
D√òM RUSALOK	2021	_Gamemaker
Solstice	2016	_Gamemaker
Rysen	2018	_Gamemaker
Flirtatious	2021	_Gamemaker
Thistledown: A Tragedy of Blood.	2020	_Gamemaker
Super Skull Smash GO! 2 Turbo	2018	_Gamemaker
Life Lessons	2018	_Gamemaker
Roseblight	2021	_Gamemaker
Space Moth: Lunar Edition	2021	_Gamemaker
Dungeon Arsenal	2021	_Gamemaker
Slayers, Inc.	2021	_Gamemaker
Save Aisha	2020	_Gamemaker
Super Maze Labyrinth	2021	_Gamemaker
Drifters Don't Brake	2021	_Gamemaker
Flaskoman	2021	_Gamemaker
Chuhou Joutai	2020	_Gamemaker
The True Slime King	2018	_Gamemaker
Many Faces	2020	_Gamemaker
Project Summit	2020	_Gamemaker
Ghost Beat	2020	_Gamemaker
Sea Birds: End of an Age	2019	_Gamemaker
Chicken Daddy	2018	_Gamemaker
Bala na manga	2019	_Gamemaker
Slamoids!	2018	_Gamemaker
Fantasy Mosaics 20: Castle of Puzzles	2018	_Gamemaker
Undead Menace	2021	_Gamemaker
Convergence Compulsion	2020	_Gamemaker
Brick Blaster	2020	_Gamemaker
The Best BJ	2021	_Gamemaker
Jeebo & Jerbo vs. Life	2021	_Gamemaker
Toybit Quest	2018	_Gamemaker
Hollow Destiny	2020	_Gamemaker
Caveman Craig	2015	_Gamemaker
Adorables	2016	_Gamemaker
Alexei Run	2021	_Gamemaker
ASTRA-256 Assembler	2020	_Gamemaker
XO-Planets	2016	_Gamemaker
VilleTown	2016	_Gamemaker
Rosette and Words	2018	_Gamemaker
Super Nate Adventure	2020	_Gamemaker
Star Tank	2021	_Gamemaker
Bannerman	2017	_Gamemaker
Hentai Waifu II	2019	_Gamemaker
AV-17	2018	_Gamemaker
Sword of the Necromancer	2021	_Gamemaker
Dyna Bomb	2016	_Gamemaker
ÊúÄÊú´Ë°åÁ®ãÔºöËÉúÂà©Ë∑Ø19Âè∑ Last Journey: 19 Shengli Road	2021	_Gamemaker
Respawn Man	2015	_Gamemaker
Xploquest	2017	_Gamemaker
Miner Ultra Rag Smash	2020	_Gamemaker
Pixel Puzzles: UndeadZ	2014	_Gamemaker
Worse Than Death	2019	_Gamemaker
Cash_Out	2015	_Gamemaker
Narvas	2020	_Gamemaker
Ruby & Majesty: Treasure Team	2018	_Gamemaker
Dead of Night	2017	_Gamemaker
Sweet Seasons	2018	_Gamemaker
Treasure Hunter Man 2	2018	_Gamemaker
Fares	2019	_Gamemaker
Tropia	2019	_Gamemaker
BlockGame	2017	_Gamemaker
Fantasy Mosaics 16: Six Colors in Wonderland	2017	_Gamemaker
Sokpop S04: capy hoky	2020	_Gamemaker
Zombie Slayers	2021	_Gamemaker
Dark Noid	2018	_Gamemaker
Zone 10	2019	_Gamemaker
Earth Muncher	2018	_Gamemaker
End of this World	2021	_Gamemaker
Only One Rectangle	2020	_Gamemaker
Mousey Mick	2021	_Gamemaker
Hot Dodge!	2021	_Gamemaker
Rising Lords	2020	_Gamemaker
Summit in Space	2021	_Gamemaker
Pop it, Please!	2021	_Gamemaker
Voidship: The Long Journey	2019	_Gamemaker
Echo of the Wilds	2014	_Gamemaker
Nira	2021	_Gamemaker
Abyss Manager	2019	_Gamemaker
Rheum	2018	_Gamemaker
Fear Protocol: Shadow Paradigm	2021	_Gamemaker
Realm Revolutions	2018	_Gamemaker
Jack Axe: The Trial	2021	_Gamemaker
Ether Loop	2020	_Gamemaker
Neon Warp	2016	_Gamemaker
Nakawak: Expanded Color Edition	2017	_Gamemaker
Seven Bullets Zombie Apocalypse	2019	_Gamemaker
Swords and Sorcery - Underworld - DEFINITIVE EDITION	2015	_Gamemaker
Odd Adventure of Chub, Color, 23 and You	2020	_Gamemaker
MissileDancer	2018	_Gamemaker
Safe Climbing	2020	_Gamemaker
Spinch	2020	_Gamemaker
DemonsTier	2019	_Gamemaker
Super Flippin' Phones	2016	_Gamemaker
Dream Tale	2014	_Gamemaker
Nothing	2021	_Gamemaker
Orphan	2018	_Gamemaker
BattleCON: Online	2018	_Gamemaker
Ninjahtic	2015	_Gamemaker
Infinite Beyond The Mind	2020	_Gamemaker
Star Girl Proxima	2020	_Gamemaker
Rock 'N Roll	2017	_Gamemaker
Alien Attack	2016	_Gamemaker
CYBER FURRY GIRL	2019	_Gamemaker
Unfolding Engine: Paint a Game	2018	_Gamemaker
Lil Tanks	2017	_Gamemaker
Hentai Babes - Nations	2020	_Gamemaker
Ice Demon	2021	_Gamemaker
Pity Pit	2020	_Gamemaker
Xploquest 2	2018	_Gamemaker
Spoorky	2018	_Gamemaker
Ghosting Gun S	2018	_Gamemaker
Little Lost Robots	2019	_Gamemaker
Captain Coffer 2D	2021	_Gamemaker
Ah, Love!	2018	_Gamemaker
Nano Driller	2019	_Gamemaker
The Superfluous	2017	_Gamemaker
Guardian's Oath	2016	_Gamemaker
Flak	2021	_Gamemaker
Cute Girls: Find Secrets	2021	_Gamemaker
Wizodd	2020	_Gamemaker
DOG GONE GOLFING	2017	_Gamemaker
Super Robot Jump Jump	2016	_Gamemaker
PIXASSO 3	2021	_Gamemaker
Mecha-Tokyo Rush	2018	_Gamemaker
Neoncube	2015	_Gamemaker
Terrian Saga: KR-17	2014	_Gamemaker
Gods Will Be Watching	2014	_Gamemaker
Thermonuclear	2021	_Gamemaker
Happy Grumps	2020	_Gamemaker
Monster Pub	2018	_Gamemaker
Journey of Johann	2017	_Gamemaker
GeminiArms	2019	_Gamemaker
IMPALE YOUR FRIENDS!	2019	_Gamemaker
Salty Seabird Bay	2018	_Gamemaker
Unshaded	2021	_Gamemaker
Shape Cascade	2019	_Gamemaker
Get Me Outta Here - Deluxe/Remastered Edition	2019	_Gamemaker
Pyro Fighters	2020	_Gamemaker
Doctor Tsunami	2018	_Gamemaker
Sokpop S10: Post Cards	2021	_Gamemaker
Attack of the Gooobers	2017	_Gamemaker
Frail Faces	2021	_Gamemaker
Pit of Ascension	2021	_Gamemaker
Night Road	2020	_Gamemaker
Struggle For Light	2018	_Gamemaker
Yeminj	2021	_Gamemaker
Unholy Alliance - Tower Defense	2021	_Gamemaker
Herakles and the Princess of Troy	2019	_Gamemaker
Run Jump Rabbit Turtle	2019	_Gamemaker
Neon Parasite	2020	_Gamemaker
elaine	2017	_Gamemaker
Spaceslingers	2020	_Gamemaker
Cosmophage	2021	_Gamemaker
Red Zirion	2020	_Gamemaker
Santa's Workshop	2018	_Gamemaker
Orb Overload	2021	_Gamemaker
Fantasy Mosaics 24: Deserted Island	2018	_Gamemaker
Fantasy Mosaics 19: Edge of the World	2018	_Gamemaker
Super No Crying in Baseball	2020	_Gamemaker
Demonicute	2021	_Gamemaker
Ninja Run	2020	_Gamemaker
Atomic Guardians	2021	_Gamemaker
Klomanager - Hochgew√ºrgt	2021	_Gamemaker
GunnRunner	2019	_Gamemaker
Block Wizard	2020	_Gamemaker
Nebula Nuker	2017	_Gamemaker
1x! Space Adventure	2020	_Gamemaker
Pivüçät	2019	_Gamemaker
Bullet Grinder	2021	_Gamemaker
Ambidextrous Psychopath	2021	_Gamemaker
K≈çmori Fruit Rush	2019	_Gamemaker
Aborigenus	2018	_Gamemaker
AFTERGRINDER	2017	_Gamemaker
Mini Thief	2018	_Gamemaker
Don't Sink	2018	_Gamemaker
Impossible Quest	2016	_Gamemaker
Shop Manager : Video Game Tycoon	2019	_Gamemaker
Naughty Girl 2	2019	_Gamemaker
Warbanners	2017	_Gamemaker
Divine Ascent	2017	_Gamemaker
Life In Yima	2021	_Gamemaker
Dungeon Rustlers	2018	_Gamemaker
Queeny Army	2019	_Gamemaker
Spark	2017	_Gamemaker
Hare	2017	_Gamemaker
Brave Hero	2020	_Gamemaker
Dr. Atominus	2020	_Gamemaker
Bricks Frenzy	2020	_Gamemaker
School of the Dead: Anastasia	2018	_Gamemaker
GO AWAY, THERE'S KUMIS OVER THERE!	2016	_Gamemaker
Memoranda	2017	_Gamemaker
Sokpop S04: kraken's curse	2020	_Gamemaker
CHACAL	2021	_Gamemaker
Hungry Fish	2021	_Gamemaker
Return Of The Zombie King	2019	_Gamemaker
Sometimes: Success Requires Sacrifice	2015	_Gamemaker
Throne of Fate	2020	_Gamemaker
Echoes of the Fey - The Fox's Trail	2016	_Gamemaker
Help! I am REALLY horny!	2020	_Gamemaker
Up and Down	2018	_Gamemaker
Mahjong Solitaire	2018	_Gamemaker
Auf Abwegen	2019	_Gamemaker
Break the Web	2020	_Gamemaker
Skautfold: Usurper	2018	_Gamemaker
Make the Burger	2021	_Gamemaker
Until the Last Plane	2021	_Gamemaker
Gleaner Heights	2018	_Gamemaker
Ikeda : The Scrap Hunter E.P.	2019	_Gamemaker
The Oil Blue	2015	_Gamemaker
‰∏≠ÂõΩÁâπËâ≤Âä®Áâ©Â∫ÑÂõ≠	2020	_Gamemaker
Block of Rum	2019	_Gamemaker
Succubus Contract	2019	_Gamemaker
Alter Army	2018	_Gamemaker
BETRAYER: Curse of the Spine	2021	_Gamemaker
Fated Era	2019	_Gamemaker
World War 2 Operation Husky	2021	_Gamemaker
Crusader Crash	2017	_Gamemaker
Mayhem ZX	2017	_Gamemaker
Lyonesse	2021	_Gamemaker
Zenodeath	2020	_Gamemaker
Yahrit!	2018	_Gamemaker
KuniTure	2019	_Gamemaker
Hard Rock Pinball	2020	_Gamemaker
CYNOROID GAIDEN	2020	_Gamemaker
Hieroglyph: Prologue	2021	_Gamemaker
GUN GUN CREATE	2021	_Gamemaker
Alpha Dog	2019	_Gamemaker
12 MiniBattles	2020	_Gamemaker
Cannonship	2020	_Gamemaker
Farjob	2018	_Gamemaker
Save The Octo	2021	_Gamemaker
–ü—É—Ç—å –ü–∞—Ü–∞–Ω–∞	2019	_Gamemaker
Rolling Arcade	2020	_Gamemaker
Skein	2017	_Gamemaker
Cavegirl Adventures	2021	_Gamemaker
PIXASSO	2021	_Gamemaker
Rock God Tycoon	2017	_Gamemaker
RONIN	2015	_Gamemaker
Vzerthos: Heir of Thunder	2017	_Gamemaker
Robo's World: The Zarnok Fortress	2016	_Gamemaker
Pixel Puzzles 2: RADical ROACH	2016	_Gamemaker
Underworld Idle	2021	_Gamemaker
Ninja Senki DX	2016	_Gamemaker
Buried Chambers	2020	_Gamemaker
Cthulhu's Catharsis	2019	_Gamemaker
Creekside Creep Invasion	2017	_Gamemaker
Fly, Glowfly!	2016	_Gamemaker
ROTii	2017	_Gamemaker
SMOKED	2018	_Gamemaker
Apoc Runner	2020	_Gamemaker
Medieval Heros	2021	_Gamemaker
Neon Defense 1 : Pink Power	2018	_Gamemaker
Squirrel Divorce	2021	_Gamemaker
Geno The Fallen King	2020	_Gamemaker
Match3 mania!	2021	_Gamemaker
Danger Gazers	2020	_Gamemaker
Fortify	2016	_Gamemaker
My Breast Friend Sally	2020	_Gamemaker
Nil-Ninjahtic: Ronin	2016	_Gamemaker
Delay	2017	_Gamemaker
Bighead Runner	2018	_Gamemaker
Space Robinson	2019	_Gamemaker
DRAMA	2021	_Gamemaker
Nuumonsters	2021	_Gamemaker
Dubstep Bird	2021	_Gamemaker
The Castle Disaster	2018	_Gamemaker
TeraBlaster	2015	_Gamemaker
The Ploshers	2019	_Gamemaker
Surviving Titan	2020	_Gamemaker
Takotan - Êòü„ÅÆ„Çø„Ç≥	2019	_Gamemaker
Flatwaters	2018	_Gamemaker
Overseer	2020	_Gamemaker
Broken Thorns: West Gate	2021	_Gamemaker
Twin Stick Heroes	2021	_Gamemaker
OverTime	2020	_Gamemaker
UpMove	2019	_Gamemaker
Flight of the Athena	2021	_Gamemaker
Ocean's Crabellum	2017	_Gamemaker
Smart Moves 2	2021	_Gamemaker
Pyro the Exterminator	2020	_Gamemaker
RADARjAM	2020	_Gamemaker
BLASK 2	2020	_Gamemaker
Porcelain Panic	2018	_Gamemaker
In It Together	2021	_Gamemaker
In The Valley of Death -Prologue-	2021	_Gamemaker
CodeWalkers	2021	_Gamemaker
Bot Tales: The Crashed	2018	_Gamemaker
Fantasy Mosaics 26: Fairytale Garden	2018	_Gamemaker
Tetron	2020	_Gamemaker
2D Owen	2020	_Gamemaker
MultiBall	2018	_Gamemaker
Boomer Rampage	2018	_Gamemaker
Devileader	2021	_Gamemaker
Bluevolution	2020	_Gamemaker
Discover	2021	_Gamemaker
Too Much Water	2020	_Gamemaker
Modulo	2021	_Gamemaker
Flood Fill	2020	_Gamemaker
Fantasy Mosaics 23: Magic Forest	2018	_Gamemaker
Fantasy Mosaics 22: Summer Vacation	2018	_Gamemaker
Red Mist: River of Blood	2021	_Gamemaker
Andarigas	2020	_Gamemaker
Hero's Journey	2020	_Gamemaker
The Rescue Squad	2021	_Gamemaker
ColorsInvaders	2020	_Gamemaker
Slime Slam	2019	_Gamemaker
BloXoR	2019	_Gamemaker
Galaxy Cat	2020	_Gamemaker
Coffee Pixes	2017	_Gamemaker
Apolune 2	2021	_Gamemaker
Brandins Buttons	2020	_Gamemaker
Cyber Runner 2048	2021	_Gamemaker
Box Labyrinth	2019	_Gamemaker
Happy Summer Quest	2021	_Gamemaker
Wild West Rogue	2021	_Gamemaker
Firebase Defence	2019	_Gamemaker
Drugs and Crime Idle	2020	_Gamemaker
Glittering sword	2021	_Gamemaker
Unbeliever	2020	_Gamemaker
Reknum Cheri Dreamland	2021	_Gamemaker
Japanese Puzzle	2021	_Gamemaker
Magic LightHouse	2021	_Gamemaker
Rogues Adventure	2021	_Gamemaker
Guppy	2017	_Gamemaker
Shadowrain	2020	_Gamemaker
The Ambassador: Fractured Timelines	2020	_Gamemaker
Remember When	2021	_Gamemaker
Hyper Simon X	2018	_Gamemaker
Road Scars: Origins	2018	_Gamemaker
Scarlett's Dungeon	2017	_Gamemaker
Weird Hero	2016	_Gamemaker
Â∞òÊ≤ôÁöÑÈÄâÊã© THE CHOICE OF SAND	2018	_Gamemaker
Space Ranger ASK	2016	_Gamemaker
Ancient Dino Runner	2021	_Gamemaker
The Adventures of Sullivan	2019	_Gamemaker
Evil Heart Fever	2020	_Gamemaker
Songs of Skydale	2019	_Gamemaker
ARK BOX Unlimited	2016	_Gamemaker
Planet Bash	2020	_Gamemaker
Outrealm	2018	_Gamemaker
The Tower of Worth	2019	_Gamemaker
D.C. S#*!storm	2018	_Gamemaker
Smashroom	2021	_Gamemaker
I am Ball	2019	_Gamemaker
Alpha Particle	2021	_Gamemaker
AstroShift	2017	_Gamemaker
Super Captain 3D	2018	_Gamemaker
Cyber Seraph	2020	_Gamemaker
Eyeb	2020	_Gamemaker
CYNOROID -GENTAGELSE-	2019	_Gamemaker
Buoyant	2019	_Gamemaker
Hooks & Shotguns	2019	_Gamemaker
Super Platformer Gun	2019	_Gamemaker
Dot Debugger	2021	_Gamemaker
Winter Wastelands	2021	_Gamemaker
Beat Defender	2021	_Gamemaker
Contact Me	2021	_Gamemaker
Stimuli	2020	_Gamemaker
Urban Pirate	2016	_Gamemaker
Key Escape	2021	_Gamemaker
Knights and Castles	2021	_Gamemaker
Void Raiders	2016	_Gamemaker
Project Explore	2017	_Gamemaker
Tunnel of Doom	2021	_Gamemaker
The Inner Darkness	2017	_Gamemaker
The Edgelands	2017	_Gamemaker
Guts 'N Goals: Preseason	2020	_Gamemaker
Mortal Manor	2018	_Gamemaker
Terminal squad: Swarmites	2020	_Gamemaker
DON'T touch the walls	2018	_Gamemaker
HackyZack	2017	_Gamemaker
NEXORIA	2020	_Gamemaker
Furwind	2018	_Gamemaker
Undercrewed	2019	_Gamemaker
Torgar's Quest	2016	_Gamemaker
Captain Kaon	2017	_Gamemaker
Mobile Wars X	2018	_Gamemaker
Escort Commander	2018	_Gamemaker
Block Dungeon	2021	_Gamemaker
New Ice York	2018	_Gamemaker
Square x Square	2017	_Gamemaker
Pop This Pop-It	2021	_Gamemaker
BETRAYER: Curse of the Spine - Prologue	2021	_Gamemaker
Alone	2018	_Gamemaker
Jack's Labyrinth	2020	_Gamemaker
Cally's Trials	2016	_Gamemaker
Little adventure	2021	_Gamemaker
Blacksmith Run	2019	_Gamemaker
Dodge Rocket	2019	_Gamemaker
Smear FX	2020	_Gamemaker
Friday Night Bullet Arena	2016	_Gamemaker
One Hit KO	2017	_Gamemaker
Skater Cally	2018	_Gamemaker
MPaliens	2019	_Gamemaker
Dungless 2	2021	_Gamemaker
Cyber Hunter: Awakening	2021	_Gamemaker
ENYO ARCADE	2015	_Gamemaker
Back to 1998	2019	_Gamemaker
CandyVenture	2018	_Gamemaker
Bullet Beat	2019	_Gamemaker
Home	2012	_Gamemaker
JackQuest: The Tale of The Sword	2019	_Gamemaker
Sokpop S05: Pear Quest	2020	_Gamemaker
!Anyway!	2018	_Gamemaker
StoneTide: Age of Pirates	2020	_Gamemaker
A dead world's dream	2016	_Gamemaker
Tourists Kidnapped a Little Bear	2017	_Gamemaker
Point Perfect	2014	_Gamemaker
Azure Sky Project	2017	_Gamemaker
Whipseey and the Lost Atlas	2019	_Gamemaker
Alone on Mars	2021	_Gamemaker
Shoppy Mart: Steam Edition	2015	_Gamemaker
Emerge: Cities of the Apocalypse	2016	_Gamemaker
Idle Wasteland	2021	_Gamemaker
METAGAL	2016	_Gamemaker
Sokpop S03: Doler	2020	_Gamemaker
Bounce Knight	2020	_Gamemaker
Neckbeards: Basement Arena	2017	_Gamemaker
The Tower Of TigerQiuQiu	2020	_Gamemaker
Starship Intruder	2020	_Gamemaker
Shell Shuffle	2021	_Gamemaker
StopTime Drive	2017	_Gamemaker
Happy Birthday, Bernard	2016	_Gamemaker
Lee inside TV	2019	_Gamemaker
The Kingdom of Gardenia	2020	_Gamemaker
Zenethics Lab : Outbreak	2017	_Gamemaker
XMinutes: Wings	2017	_Gamemaker
Mighty Chameleon Brothers	2021	_Gamemaker
Fenix Box	2018	_Gamemaker
Vector Light	2019	_Gamemaker
Ball Ranger	2021	_Gamemaker
Hey ma i'm a Dragon Now	2020	_Gamemaker
Sudoku Forever	2020	_Gamemaker
Ghost Cash Collect	2021	_Gamemaker
Strip Black Jack - Cyber Sex	2021	_Gamemaker
Temply Girls	2019	_Gamemaker
Woodboy	2019	_Gamemaker
goto	2018	_Gamemaker
Yummy Mahjong	2021	_Gamemaker
Fast Food Mania 3D	2021	_Gamemaker
Devilish Girl	2020	_Gamemaker
Fear Protocol: Codename Omega Starring Agent Jack Banger	2020	_Gamemaker
Sky Mercenaries	2014	_Gamemaker
Skelattack	2020	_Gamemaker
Abalyte	2018	_Gamemaker
Mech Engineer	2020	_Gamemaker
Double Memory	2017	_Gamemaker
Artist Idle	2019	_Gamemaker
An Aspie Life	2018	_Gamemaker
Spaceship Looter	2017	_Gamemaker
Mech Anarchy	2016	_Gamemaker
Three Days	2017	_Gamemaker
Riddled Corpses	2015	_Gamemaker
Crash the Core	2021	_Gamemaker
Unleashed	2018	_Gamemaker
A Lanterns Glow	2020	_Gamemaker
Matcha Warriors	2020	_Gamemaker
Jixxaw: Party Time	2021	_Gamemaker
Darkest Wave	2017	_Gamemaker
Loopindex	2021	_Gamemaker
GUIDE	2019	_Gamemaker
Deception	2020	_Gamemaker
Pixels can fight	2021	_Gamemaker
Tormenta do Tempo	2021	_Gamemaker
MINICHEF	2021	_Gamemaker
Dot Dash Dot	2021	_Gamemaker
Bomb Fight	2020	_Gamemaker
Pixel Puzzles 4k: Japan	2020	_Gamemaker
Plumber: the Pipe Rush	2018	_Gamemaker
Bomb Bowling 2	2019	_Gamemaker
Chronac	2020	_Gamemaker
Protect Your Fool	2019	_Gamemaker
Star-Pit Starship	2018	_Gamemaker
Amborettio	2020	_Gamemaker
Escaping Hell	2020	_Gamemaker
LCD Sports: American Football	2019	_Gamemaker
Fantasy Mosaics 27: Secret Colors	2018	_Gamemaker
Kazakh 'Jack	2021	_Gamemaker
ÂçóÂçÅÂ≠ó‰ΩúÊàòÈòü	2020	_Gamemaker
Cartacombs	2019	_Gamemaker
Divine Miracle Defense	2018	_Gamemaker
Hyde & Zeke	2020	_Gamemaker
Captain MAYO	2020	_Gamemaker
ASTROPUPPA	2019	_Gamemaker
Dreamblaster	2017	_Gamemaker
Chuhou Joutai 2: Paraided!	2021	_Gamemaker
Brimstone	2017	_Gamemaker
Eluxia Enigma	2021	_Gamemaker
Nightmare Cave	2019	_Gamemaker
Tanks Endeavor	2019	_Gamemaker
Stabby Machine	2018	_Gamemaker
Starry Moon Island	2021	_Gamemaker
Yoko & Yuki: Dr. Rat's Revenge	2021	_Gamemaker
Cybxus Heart	2020	_Gamemaker
The Adventures of Sam Carlisle: The Hunt for the Lost Treasure	2017	_Gamemaker
NUMTATE	2020	_Gamemaker
Symphonic Mayhem	2018	_Gamemaker
Starship	2021	_Gamemaker
Funny Card	2021	_Gamemaker
Pogo Rocket	2021	_Gamemaker
Veg Out Crew	2021	_Gamemaker
Around the Fire	2020	_Gamemaker
ÂºÇÊòüÂâçÁ∫ø	2020	_Gamemaker
ThreeStep	2019	_Gamemaker
Intersolar Overdrive	2018	_Gamemaker
Vector Born	2018	_Gamemaker
Pippu - Bauble Quest	2021	_Gamemaker
Venkazoid Blast	2020	_Gamemaker
WiP	2020	_Gamemaker
Quarter Horse Racing	2020	_Gamemaker
CornMaze Craze	2021	_Gamemaker
Elastic Fantastic	2021	_Gamemaker
Cyber Quest 2077	2020	_Gamemaker
Billy	2020	_Gamemaker
Squidoku	2021	_Gamemaker
Chromatic Fantasy	2021	_Gamemaker
Boring in paradise	2021	_Gamemaker
Sokoban: Bunny Tales	2020	_Gamemaker
Rachael Savage	2020	_Gamemaker
PXL-SHIP	2020	_Gamemaker
Daffy Fish	2021	_Gamemaker
FlickerMAZE	2020	_Gamemaker
Hueor	2019	_Gamemaker
Thievery	2018	_Gamemaker
LTO Arcade	2021	_Gamemaker
Defence Your Organism	2021	_Gamemaker
Fantasy Mosaics 33: Inventor's Workshop	2020	_Gamemaker
Firefight!	2020	_Gamemaker
Platforms	2019	_Gamemaker
Touch The Floor	2020	_Gamemaker
Croquet Pro	2018	_Gamemaker
Monktastic	2018	_Gamemaker
Yellowlooper	2021	_Gamemaker
PuzzleKid	2020	_Gamemaker
OCCHIO	2016	_Gamemaker
Starlight: Defence Command	2021	_Gamemaker
MUMMMASTER!	2020	_Gamemaker
Vaccine A	2021	_Gamemaker
Mira	2020	_Gamemaker
Box Maze 2 : Agent Cubert	2018	_Gamemaker
Box Maze	2017	_Gamemaker
Defense Clicker	2017	_Gamemaker
Everpath: A pixel art roguelite	2019	_Gamemaker
XenonValkyrie	2017	_Gamemaker
Blessed Surface	2019	_Gamemaker
Shapeshooter	2020	_Gamemaker
Nothing To Remember	2021	_Gamemaker
Spectrubes Infinity	2018	_Gamemaker
Watching Delusion	2018	_Gamemaker
Sokpop S01: jut	2020	_Gamemaker
Dodge Bubble	2019	_Gamemaker
Destroyer of Worlds	2021	_Gamemaker
Ilamentia	2014	_Gamemaker
samurai_jazz	2015	_Gamemaker
Avalon: The Journey Begins	2017	_Gamemaker
Zombie Commander	2018	_Gamemaker
Quiet Thoughts	2021	_Gamemaker
Gythol Granditti: The Crypt of Darkness	2019	_Gamemaker
Skill at Time	2021	_Gamemaker
Fruit Juice	2021	_Gamemaker
Squirbs	2016	_Gamemaker
Infecto	2018	_Gamemaker
Miami Resort	2019	_Gamemaker
Oops!!! I Slept With Your Mom	2018	_Gamemaker
Underwater Life	2021	_Gamemaker
Porradaria Upgrade	2015	_Gamemaker
Shopping Mahjong connect	2021	_Gamemaker
The explorer of night	2019	_Gamemaker
Dungless	2021	_Gamemaker
Popap	2017	_Gamemaker
Skull Rogue	2020	_Gamemaker
Immortal Planet	2017	_Gamemaker
NYKRA	2021	_Gamemaker
Void Memory	2017	_Gamemaker
Imagine Lifetimes	2020	_Gamemaker
PIXASSO 2	2021	_Gamemaker
BATS	2021	_Gamemaker
Hentai XXX Plus: Jigsaws Vol 1	2020	_Gamemaker
Thunder Gun: Revenge of the Mutants	2016	_Gamemaker
Make Route: Escape the police	2019	_Gamemaker
UNDEMON	2021	_Gamemaker
SpaceMerc	2017	_Gamemaker
CELLAR	2021	_Gamemaker
WayDown	2018	_Gamemaker
Snake Man's Adventure	2021	_Gamemaker
Siam Twinstick	2018	_Gamemaker
Strike Master Apocalypse	2020	_Gamemaker
E3.14CENTER	2018	_Gamemaker
Polybius Invaders	2021	_Gamemaker
Desert War	2021	_Gamemaker
Recluses	2020	_Gamemaker
Flint	2019	_Gamemaker
That's Mahjong!	2016	_Gamemaker
Hikikomori No Chuunibyou	2016	_Gamemaker
Dodge	2018	_Gamemaker
Hieroglyphika	2016	_Gamemaker
Qbio	2020	_Gamemaker
Lunch Truck Tycoon	2015	_Gamemaker
Jixxaw	2021	_Gamemaker
King of the Streets	2020	_Gamemaker
Arcano: The Trickery	2021	_Gamemaker
DUMB: Treasure	2021	_Gamemaker
Moonlit	2020	_Gamemaker
Sokpop S02: spider ponds	2020	_Gamemaker
Prison Ball: Full Blown	2019	_Gamemaker
Active Mummy	2021	_Gamemaker
Rocky Mayhem	2020	_Gamemaker
Skool Daze Reskooled	2018	_Gamemaker
Shuttlecock-H	2019	_Gamemaker
Minaurs	2018	_Gamemaker
DPS IDLE	2021	_Gamemaker
Pirate Story	2021	_Gamemaker
Pixel Stories of Dungeon	2018	_Gamemaker
Deios II // DEIDIA	2016	_Gamemaker
Krampus Quest	2017	_Gamemaker
BeeFender	2018	_Gamemaker
Laser Ball	2018	_Gamemaker
Unicorn and Sweets	2021	_Gamemaker
Unicorn and Sweets 2	2021	_Gamemaker
Crazy Boom	2021	_Gamemaker
Guns of Midnight	2019	_Gamemaker
STICK ENGINE	2017	_Gamemaker
Moor	2019	_Gamemaker
Cutie Bear	2021	_Gamemaker
Sheriff Rage	2021	_Gamemaker
Hentai Boy	2021	_Gamemaker
Foto Flash 2	2018	_Gamemaker
Ultionus: A Tale of Petty Revenge	2014	_Gamemaker
È≠îÁâ©ËÆ®‰ºêÂõ¢	2018	_Gamemaker
Alienzix	2017	_Gamemaker
unBorn	2018	_Gamemaker
Beastrun	2021	_Gamemaker
Sophisticated Puzzles	2018	_Gamemaker
Call of Bitcoin	2018	_Gamemaker
Untitled Space Game	2020	_Gamemaker
Strip Black Jack - Hot Gym	2020	_Gamemaker
Cube Gothic	2020	_Gamemaker
Little adventure 2	2021	_Gamemaker
Faron's Fate	2015	_Gamemaker
The Forgotten Land	2020	_Gamemaker
Color Defense	2020	_Gamemaker
Won't You Be My Laser?	2016	_Gamemaker
VIDEO GAME	2018	_Gamemaker
Smalles	2021	_Gamemaker
Card Brawl	2019	_Gamemaker
The Swords of Ditto: Mormo's Curse	2018	_Gamemaker
My Haunted Doll	2019	_Gamemaker
Zenith Hunter	2018	_Gamemaker
Zorg The Typing Warrior	2019	_Gamemaker
Magic gems	2021	_Gamemaker
Brother Wings	2017	_Gamemaker
Terminal squad: Sentinel	2019	_Gamemaker
I was rebuilt	2018	_Gamemaker
Shoot 'm Up	2021	_Gamemaker
Apocalich	2021	_Gamemaker
CLASH! - Battle Arena	2019	_Gamemaker
Nulldrifters	2015	_Gamemaker
BRANE‚Ñ¢: Prototype	2018	_Gamemaker
–ö–∞—Ä—å–µ—Ä–∞ –ü—Ä–µ–∑–∏–¥–µ–Ω—Ç–∞	2021	_Gamemaker
CLASSIC TANKS 2020	2020	_Gamemaker
StarScraper	2021	_Gamemaker
Palette Wizard	2019	_Gamemaker
Jigoro	2019	_Gamemaker
Twin Breaker: A Sacred Symbols Adventure	2020	_Gamemaker
One Day for Revenge	2018	_Gamemaker
Cross Pixels	2018	_Gamemaker
En-Train	2020	_Gamemaker
Ninja Scarf	2020	_Gamemaker
Robozarro	2019	_Gamemaker
Empire of the Wicked	2020	_Gamemaker
Metanormal Demo	2018	_Gamemaker
Quiet Valley	2020	_Gamemaker
Antonball Deluxe Lite	2021	_Gamemaker
Physics Cake	2021	_Gamemaker
Dangerous platform	2021	_Gamemaker
Swift Elf	2021	_Gamemaker
Wild Rat	2021	_Gamemaker
Space Porter	2021	_Gamemaker
iaidoka_interlude	2015	_Gamemaker
Something To Do With Love	2019	_Gamemaker
Another Otter	2018	_Gamemaker
Perfect Affection Plan: Cassiopeia	2021	_Gamemaker
Osmorrow	2017	_Gamemaker
KHIO	2020	_Gamemaker
Seductive Tombs	2021	_Gamemaker
Robots In The Wild	2017	_Gamemaker
TROID BLASTER	2017	_Gamemaker
Cyber Complex	2017	_Gamemaker
Neon Fusion	2020	_Gamemaker
Hex Slayer	2020	_Gamemaker
PhilGood	2019	_Gamemaker
Vagrant Sword	2020	_Gamemaker
Hecaton	2020	_Gamemaker
Sokpop S03: soko loco	2020	_Gamemaker
Behold The Dark	2021	_Gamemaker
PROJECT:SOLACE	2021	_Gamemaker
Fallen Threats	2018	_Gamemaker
At The Downstairs	2020	_Gamemaker
Dice Of Knights	2021	_Gamemaker
FAN'CIE VEER! (Fish Are Nasty, Cake Is Excellent Vektor Evading Emblazed Rapture)	2018	_Gamemaker
900	2018	_Gamemaker
Robbed Money	2021	_Gamemaker
Cave Nightmare	2021	_Gamemaker
LabRat	2020	_Gamemaker
Elder Puzzle	2021	_Gamemaker
Fantasy Mosaics 21: On the Movie Set	2018	_Gamemaker
Shin Samurai Jazz	2015	_Gamemaker
Space Jammers	2017	_Gamemaker
33 Rounds	2019	_Gamemaker
Fringes of the Empire	2015	_Gamemaker
Isle of the Crown	2021	_Gamemaker
Hentai XXX Plus: Jigsaws Vol 2	2020	_Gamemaker
PsyBurst	2018	_Gamemaker
Hentai Stories - Elven	2020	_Gamemaker
Corona Sector	2020	_Gamemaker
Occultus Command	2021	_Gamemaker
Pilli Adventure	2017	_Gamemaker
Pixel Art Workshop	2021	_Gamemaker
Hentai Babes - Aqua	2020	_Gamemaker
Akinofa	2021	_Gamemaker
Lot'zAmonsters	2018	_Gamemaker
Dodge Master	2017	_Gamemaker
GameDevDan vs Life	2018	_Gamemaker
Dark Asteroids	2020	_Gamemaker
Pictassembler	2019	_Gamemaker
Buzz Kill Zero	2019	_Gamemaker
Sealer Assist	2020	_Gamemaker
The other side: My own horror	2021	_Gamemaker
RTAG rise	2018	_Gamemaker
Azrael	2021	_Gamemaker
Bitsy Bits	2018	_Gamemaker
Little Big Monsters	2020	_Gamemaker
Stoppa!	2019	_Gamemaker
Ne Touchez Pas 5	2019	_Gamemaker
Tetrogue Dragons	2020	_Gamemaker
Dark Blocks	2020	_Gamemaker
Wacky Wizarding Dungeon	2021	_Gamemaker
Legion of Scorn	2019	_Gamemaker
Record Store Nightmare	2017	_Gamemaker
Shifting Dungeon	2021	_Gamemaker
TECHPACK	2020	_Gamemaker
Treasures of the Roman Empire	2020	_Gamemaker
Stanga	2020	_Gamemaker
Sliding Puzzle Collection	2020	_Gamemaker
Zahhak	2021	_Gamemaker
Myriad Tower Defense	2019	_Gamemaker
Trapmania	2021	_Gamemaker
Escape of Mari: The Polar Ladybug	2020	_Gamemaker
RATTUS	2020	_Gamemaker
Fantasy Mosaics 25: Wedding Ceremony	2018	_Gamemaker
Galactic Refugees	2021	_Gamemaker
Space Debris	2020	_Gamemaker
Lost Ed	2020	_Gamemaker
Rubikingdom	2020	_Gamemaker
The Ancient Lands	2020	_Gamemaker
Alone In The Mars	2021	_Gamemaker
Shadow Killer	2021	_Gamemaker
The Scam	2020	_Gamemaker
Underdog Arena	2020	_Gamemaker
Rising - Hungry Lizard	2021	_Gamemaker
Cat Attack	2021	_Gamemaker
COMBOHEAD	2021	_Gamemaker
Bricky to Me	2021	_Gamemaker
The mouse and the cheese	2020	_Gamemaker
Destructive Behavior	2020	_Gamemaker
Departure Dash	2019	_Gamemaker
Iridescence	2018	_Gamemaker
Head Pain	2021	_Gamemaker
The Final Frontier	2021	_Gamemaker
Tree Strike	2021	_Gamemaker
Box And Ball	2021	_Gamemaker
Run Die Jump	2020	_Gamemaker
Roopit and Boopit	2020	_Gamemaker
Noms the Fish	2020	_Gamemaker
Tile Typer	2018	_Gamemaker
Funny Fingers	2018	_Gamemaker
Resonance Wars	2021	_Gamemaker
Starry Moon Island 2	2021	_Gamemaker
Why Chicken? Why?	2019	_Gamemaker
Uncle Ted	2021	_Gamemaker
Pixel Art - Mash-Up	2020	_Gamemaker
Dwarf Slayer	2020	_Gamemaker
Player Power	2020	_Gamemaker
Open Ocean	2019	_Gamemaker
Full Pitch	2019	_Gamemaker
Arch Drift	2019	_Gamemaker
Pure Metal: Feature 1	2020	_Gamemaker
Puzzle Fever	2021	_Gamemaker
Beaver Fun‚Ñ¢ River Run - Steam Edition	2020	_Gamemaker
Squares	2020	_Gamemaker
Bells 'n' Whistles	2020	_Gamemaker
Eye Of Plunder	2019	_Gamemaker
Sanitarium Rush	2019	_Gamemaker
Space Drop	2018	_Gamemaker
Contrasted	2018	_Gamemaker
Mortal box	2018	_Gamemaker
Polyslime	2021	_Gamemaker
Dracula Is Coming	2021	_Gamemaker
Old Hunter	2021	_Gamemaker
Gun Bots	2021	_Gamemaker
Impixable	2018	_Gamemaker
Brick vs. Paddle	2018	_Gamemaker
The Adventures of Emoji 4 : Fly High Mouse	2021	_Gamemaker
Remy Raccoon and the Lost Temple	2021	_Gamemaker
Spooky Mahjong	2021	_Gamemaker
–°hick Boy Adventures	2021	_Gamemaker
Zettavolt Trigger	2018	_Gamemaker
Ducks and Gooobers	2018	_Gamemaker
Ace of Protectors	2016	_Gamemaker
Snail Racer Extreme	2018	_Gamemaker
Bat of Dead	2020	_Gamemaker
Train Station Simulator	2017	_Gamemaker
CRACKHEAD	2016	_Gamemaker
Abstractanoid	2018	_Gamemaker
SUDOKU TIME	2020	_Gamemaker
Complex Complex	2021	_Gamemaker
TOP TRUCK DRIVER	2021	_Gamemaker
Thomaz	2017	_Gamemaker
Aero's Quest	2015	_Gamemaker
Strip Black Jack - Santa Babe	2020	_Gamemaker
Puzzle Dating	2017	_Gamemaker
Desirable: Dream Hotel	2021	_Gamemaker
Ball of Wonder	2016	_Gamemaker
Hollow Throne	2018	_Gamemaker
Shield Shock	2020	_Gamemaker
Filthy Frank Kart	2019	_Gamemaker
Sokpop S01: King of the Sandcastle	2020	_Gamemaker
Food Mahjong	2017	_Gamemaker
Pixel Puzzles 2: Halloween	2019	_Gamemaker
Rugosi	2018	_Gamemaker
Project Myriad	2018	_Gamemaker
Endless Treasure Hunt	2017	_Gamemaker
Nurikabe	2018	_Gamemaker
Dead Ground	2018	_Gamemaker
PooSky	2017	_Gamemaker
Reach the Summit	2021	_Gamemaker
Survival Kingdom	2016	_Gamemaker
Dark Alley Elf	2019	_Gamemaker
Strip Black Jack - Sex Teacher	2021	_Gamemaker
Booble Hentai	2021	_Gamemaker
Take Thy Throne	2016	_Gamemaker
Crazy Pixel Streaker	2016	_Gamemaker
Scribble Space	2015	_Gamemaker
Dungeons & Geese	2017	_Gamemaker
Koi Unleashed	2020	_Gamemaker
Fantasy Puzzle	2020	_Gamemaker
Walking Heavy	2017	_Gamemaker
Sakeretsu	2017	_Gamemaker
Trysaria	2019	_Gamemaker
Eslander	2019	_Gamemaker
Saturn Quest: Blast Effect	2021	_Gamemaker
Hentai Babes - Servants	2020	_Gamemaker
ReallyGoodBattle	2018	_Gamemaker
Subterene	2021	_Gamemaker
Let's Learn Japanese: Deluxe	2021	_Gamemaker
P.3	2019	_Gamemaker
A Strange Hotel	2021	_Gamemaker
Emberlight	2020	_Gamemaker
Flying propeller	2020	_Gamemaker
Wandering Gem Jockeying	2019	_Gamemaker
Yandere Escape	2020	_Gamemaker
Black blood	2020	_Gamemaker
Everything is Peachy	2016	_Gamemaker
Zball III	2020	_Gamemaker
Super Hop 'N' Bop ULTRA	2016	_Gamemaker
Sokpop S10: Bloks	2021	_Gamemaker
Beta Runner	2017	_Gamemaker
Rogue Harvest	2018	_Gamemaker
Business Simulator	2020	_Gamemaker
Puppy Adventure	2021	_Gamemaker
Mouse Hunter	2021	_Gamemaker
Barking Puzzle	2021	_Gamemaker
Desert Child	2018	_Gamemaker
Tessa's Ark	2019	_Gamemaker
Drift 4000	2018	_Gamemaker
Our Wonderful World	2016	_Gamemaker
Sokpop S08: Lairchitect	2020	_Gamemaker
Circuit Breakers	2015	_Gamemaker
Night Wanderings	2021	_Gamemaker
ANCIENT EVIL	2021	_Gamemaker
Birth of a Hunter	2019	_Gamemaker
Super GunWorld 2	2016	_Gamemaker
Sokpop S08: Clickbox	2020	_Gamemaker
SQUAREHEAD	2018	_Gamemaker
Mermaid Colony	2019	_Gamemaker
No Honor	2020	_Gamemaker
Sokpop S02: Zoo Packs	2020	_Gamemaker
Formula XD	2018	_Gamemaker
Make Route	2018	_Gamemaker
SPACE Craft	2020	_Gamemaker
Maniac Path	2020	_Gamemaker
Boon Boon	2019	_Gamemaker
Iblis	2020	_Gamemaker
Kontrakt	2018	_Gamemaker
Luke Sidewalker	2016	_Gamemaker
Hashtag Dungeon	2016	_Gamemaker
Stripper Anya: Christmas Special	2019	_Gamemaker
Naughty Memories: Asian Beauty	2020	_Gamemaker
Flirtatious: Fallen Angels	2021	_Gamemaker
Survive Into Night	2021	_Gamemaker
Fleets of Ascendancy	2018	_Gamemaker
Hot Swap	2021	_Gamemaker
Infested Inside Multiplayer Online	2019	_Gamemaker
Beard & Axe	2018	_Gamemaker
Aftermath Y2K	2017	_Gamemaker
Cosmica	2021	_Gamemaker
Deck Box Dungeons	2019	_Gamemaker
Orbit: Satellite Defense	2018	_Gamemaker
Killer Clowns	2018	_Gamemaker
Man Face Spider I	2020	_Gamemaker
Return to Sender	2020	_Gamemaker
Chained	2021	_Gamemaker
The Haunted Exmone Theatre	2020	_Gamemaker
Warawara Invaders	2018	_Gamemaker
Sokpop S04: Peppered	2020	_Gamemaker
Blimps	2021	_Gamemaker
Time Gap Puppies	2020	_Gamemaker
Wandering Star	2019	_Gamemaker
GunFu Heroes	2019	_Gamemaker
The Tower Of TigerQiuQiu 2	2021	_Gamemaker
Save the Planet	2020	_Gamemaker
JumpFist	2017	_Gamemaker
Dangerous Planet	2021	_Gamemaker
Omniblast	2021	_Gamemaker
AirGun	2021	_Gamemaker
Rescue Rina	2020	_Gamemaker
GeoLogic	2020	_Gamemaker
Sheepageddon	2018	_Gamemaker
Day After Day	2021	_Gamemaker
Born to Kill	2020	_Gamemaker
Carrot Girl Adventures	2021	_Gamemaker
Butterfly 3. Funny Twins.	2020	_Gamemaker
More and more	2019	_Gamemaker
Sudden Darkness	2021	_Gamemaker
Code Tracer	2020	_Gamemaker
Fantasy Mosaics 34: Zen Garden	2020	_Gamemaker
Herman 2	2019	_Gamemaker
Demolition Ball	2018	_Gamemaker
Castle of no Escape	2017	_Gamemaker
Nogalious	2018	_Gamemaker
Dear Leader	2018	_Gamemaker
Jetpack astronaut	2021	_Gamemaker
Mint	2017	_Gamemaker
Biotoxin: The Dark Days	2017	_Gamemaker
Uncanny Valley	2015	_Gamemaker
Indie Graphics Bundle	2014	_Gamemaker
SpaceDweller	2017	_Gamemaker
Ace of Space	2019	_Gamemaker
Slingshot Explorer: The Twelve Tower	2018	_Gamemaker
Gun Rage	2018	_Gamemaker
Senpai Teaches Me Japanese Part 1	2019	_Gamemaker
Bounce Rescue!	2018	_Gamemaker
Total Madness	2020	_Gamemaker
Kingdom of Corrupts	2020	_Gamemaker
Take the Cake	2017	_Gamemaker
ÂÜçÊù•‰∏ÄÂ±ÄËÉΩÂê¶ÁªÑÊàêÊúÄÂº∫ÈòµÂÆπ	2021	_Gamemaker
Drowned Gems	2021	_Gamemaker
Sir Christopher	2021	_Gamemaker
Trouble In The Manor	2015	_Gamemaker
Freedom Fighter	2017	_Gamemaker
Mable & The Wood	2019	_Gamemaker
Snake: Road to apple	2017	_Gamemaker
Porradaria 2: Pagode of the Night	2016	_Gamemaker
Bad Bots		_Gamemaker
Ninjahtic Mind Tricks	2015	_Gamemaker
Starship Annihilator	2016	_Gamemaker
NOGIBATOR	2018	_Gamemaker
SoTo	2017	_Gamemaker
Water Ball	2021	_Gamemaker
Castle Life	2021	_Gamemaker
WeakWood Throne	2018	_Gamemaker
Spectrubes	2016	_Gamemaker
Magic Box	2017	_Gamemaker
Super Shoot Owl	2017	_Gamemaker
Trap Adventure	2021	_Gamemaker
BiT Evolution	2015	_Gamemaker
BARE BOOB BRAWLERZ: POWER CLAW	2019	_Gamemaker
Chief's Quest	2020	_Gamemaker
YUNA: Sugar hearts and Love	2019	_Gamemaker
Brutal Dinosaur	2021	_Gamemaker
Mula: The Cycle of Shadow	2017	_Gamemaker
Little Miss Lonely	2017	_Gamemaker
Danger Close!	2017	_Gamemaker
Sokpop S07: labyrinth	2020	_Gamemaker
The Fishery	2020	_Gamemaker
Pilot Unknown	2019	_Gamemaker
Dark facets	2021	_Gamemaker
PLOID SAGA	2020	_Gamemaker
Nazi Labs	2020	_Gamemaker
Automatum	2018	_Gamemaker
Turtle Quest	2017	_Gamemaker
Galaxia Conquestum	2017	_Gamemaker
Ultimate Chess	2020	_Gamemaker
Downloaded: Fragments of a Forgotten Soul	2017	_Gamemaker
Escape From Earth	2019	_Gamemaker
The SOL Device	2018	_Gamemaker
Broken Robot	2021	_Gamemaker
Snow Wars	2021	_Gamemaker
The Adventures of Dinobot and Tiara!	2021	_Gamemaker
Mines & Dragons	2021	_Gamemaker
Vanquish: The Adventures of Lady Exton	2016	_Gamemaker
House Number 666	2019	_Gamemaker
Leviathan Starblade	2016	_Gamemaker
Inner silence	2017	_Gamemaker
Blue Whale	2017	_Gamemaker
Shadowcrypt	2014	_Gamemaker
Galactic Lords	2017	_Gamemaker
Just 15 minutes	2021	_Gamemaker
RADical ROACH Remastered	2014	_Gamemaker
Weed County	2021	_Gamemaker
Naughty Memories	2020	_Gamemaker
Space Drift Squad	2018	_Gamemaker
Gumstein: The Awakening	2019	_Gamemaker
Sokpop S01: Bombini	2020	_Gamemaker
Sokpop S02: kamer	2020	_Gamemaker
How About Spikes	2018	_Gamemaker
Arcadium	2020	_Gamemaker
FartPart	2021	_Gamemaker
70 Seconds! Adventure	2019	_Gamemaker
Multi-Quest	2018	_Gamemaker
Lasagna Boy	2021	_Gamemaker
NAL Is Alive	2016	_Gamemaker
Old Adventure	2017	_Gamemaker
SYMMETRY	2018	_Gamemaker
Picross Love	2020	_Gamemaker
Idle Warrior	2020	_Gamemaker
Space Flex	2021	_Gamemaker
Above the Fold	2018	_Gamemaker
Crawler	2021	_Gamemaker
Sokpop S01: Dr. Umgebung's School of Life	2020	_Gamemaker
Christmas Cats Revenge	2019	_Gamemaker
A Matter of Time	2020	_Gamemaker
Fantasy Mahjong connect	2021	_Gamemaker
Galactic Missile Defense	2017	_Gamemaker
Contract	2016	_Gamemaker
Neither Day nor Night	2020	_Gamemaker
Red Mercenary	2020	_Gamemaker
Chamber of Darkness	2018	_Gamemaker
Samphi	2016	_Gamemaker
After Hours	2018	_Gamemaker
999	2018	_Gamemaker
Gregor Hills Haunted Hospital	2019	_Gamemaker
Sex Adventure - The Board Game	2019	_Gamemaker
Concurrency	2017	_Gamemaker
Snake Eyes Dungeon	2017	_Gamemaker
Zball	2020	_Gamemaker
Defence War	2019	_Gamemaker
The Mystery of Devils House	2018	_Gamemaker
Secrets of Egypt	2021	_Gamemaker
Maya Treasures	2021	_Gamemaker
Sex Wheel - An Erotic Game	2020	_Gamemaker
Arthur's Revenge	2020	_Gamemaker
The Endless Adventure	2021	_Gamemaker
Another road	2020	_Gamemaker
Ted by Dawn	2015	_Gamemaker
The Binding of YOU	2019	_Gamemaker
Reigning Cats	2015	_Gamemaker
Mr. Barrel	2019	_Gamemaker
Wanderlust: Rebirth		_Gamemaker
Candy Blast	2016	_Gamemaker
Daily Run	2017	_Gamemaker
The Way of the Pixelated Fist	2015	_Gamemaker
DRIFT 84	2015	_Gamemaker
Auto Dealership Tycoon	2015	_Gamemaker
Drones, The Human Condition	2016	_Gamemaker
Paradox Soul	2018	_Gamemaker
#CuteSnake	2018	_Gamemaker
Mr. Parkour	2020	_Gamemaker
Mr. Parkour 3	2020	_Gamemaker
Dead Warrior Tribute	2020	_Gamemaker
New Outbreak	2016	_Gamemaker
STRIPPER ANYA: DEMON SLAYER	2017	_Gamemaker
Lustlock Labyrinth	2020	_Gamemaker
Puzzle Wishes	2017	_Gamemaker
The Waste Land	2014	_Gamemaker
Blue Rabbit	2021	_Gamemaker
A Week in the Office -Under the Table-	2021	_Gamemaker
Tower in the Sky	2017	_Gamemaker
Sokpop S07: Uniseas	2020	_Gamemaker
Flag N Frag	2016	_Gamemaker
Homestead	2020	_Gamemaker
Gender Bender	2017	_Gamemaker
Galaxy Crash	2019	_Gamemaker
Bebop and Tempo	2017	_Gamemaker
The Elmian Warrior	2017	_Gamemaker
Hot Swap: Cyberlust	2021	_Gamemaker
Faraway Islands	2020	_Gamemaker
Sokpop S09: Woodland Saga	2020	_Gamemaker
Werewolf Hunter X	2018	_Gamemaker
Blood Moon: The Last Stand	2018	_Gamemaker
Land of Dread	2019	_Gamemaker
Defense high	2020	_Gamemaker
The Chills	2019	_Gamemaker
OPEC IDLE	2020	_Gamemaker
SAMOSBOR 2D	2019	_Gamemaker
Fire for Effect	2020	_Gamemaker
Super Strawberry Man	2018	_Gamemaker
Defenders of Ekron - Definitive Edition	2018	_Gamemaker
Aero Battle	2021	_Gamemaker
Infested Nation	2017	_Gamemaker
Ralf's Adventure: Aztec Mystery	2021	_Gamemaker
Dogstar	2017	_Gamemaker
Mage World - The Wizard's Stone	2020	_Gamemaker
Alphadeck	2021	_Gamemaker
Foam Dart Frenzy	2020	_Gamemaker
The Game We All Have To Play	2020	_Gamemaker
Dissimilation	2018	_Gamemaker
Slider	2018	_Gamemaker
Wreckdigger	2021	_Gamemaker
Magic Adventures	2021	_Gamemaker
Jungle Rumble	2021	_Gamemaker
Circle Tank	2020	_Gamemaker
Space BloX	2019	_Gamemaker
Galactic Pocket Billiards	2018	_Gamemaker
The Haunted Tunnel	2021	_Gamemaker
Ghost In The Barn House	2020	_Gamemaker
Destroy The Shogun	2021	_Gamemaker
Sokpop S05: The Hour of the Rat	2020	_Gamemaker
Cold Silence	2019	_Gamemaker
Time To Walk Alone	2017	_Gamemaker
Malfortune	2018	_Gamemaker
Wild world	2021	_Gamemaker
The Sunken Hero	2021	_Gamemaker
Extreme racing	2021	_Gamemaker
gun man	2019	_Gamemaker
Keywords of A Life	2020	_Gamemaker
Anime puzzle	2021	_Gamemaker
Spin the World	2021	_Gamemaker
Kontrol Flow	2020	_Gamemaker
Dracologic	2019	_Gamemaker
Tiger Tank 59 ‚Ö†	2018	_Gamemaker
Crazy indian	2021	_Gamemaker
Urizen Frosty Plus The New Warriors	2021	_Gamemaker
Neckbeards: Silly Squadron	2018	_Gamemaker
Dark Forest Project	2021	_Gamemaker
Thearchy	2021	_Gamemaker
Safe Squares	2020	_Gamemaker
Faux	2019	_Gamemaker
Tiger Tank 59 ‚Ö† Rainstorm	2019	_Gamemaker
Tiger Tank 59 ‚Ö† A-Gun	2018	_Gamemaker
Lazergoat: Invasion	2018	_Gamemaker
Golden Boy	2021	_Gamemaker
Master Whip	2021	_Gamemaker
Rain Puzzle	2021	_Gamemaker
Car Drive	2021	_Gamemaker
Minforiga	2021	_Gamemaker
Star Escape	2020	_Gamemaker
Tiger Tank 59 ‚Ö† Battleship	2019	_Gamemaker
Heavy load	2019	_Gamemaker
Tiger Striker	2018	_Gamemaker
Bug Battle	2017	_Gamemaker
Searching for objects in the forest	2021	_Gamemaker
Lovely Kitchen	2021	_Gamemaker
Tiger Tank 59 ‚Ö† Winter Assault	2019	_Gamemaker
Useful Cat	2021	_Gamemaker
Tiger Tank 59 ‚Ö† Super Tank	2019	_Gamemaker
Candy land	2021	_Gamemaker
Mars Accident	2021	_Gamemaker
Space Shapes	2019	_Gamemaker
Thread Fred	2021	_Gamemaker
Escargot	2019	_Gamemaker
Night Monsters	2021	_Gamemaker
Madness	2016	_Gamemaker
Dangerous Bullets	2017	_Gamemaker
World Process	2020	_Gamemaker
Keatz: The Lonely Bird	2018	_Gamemaker
johnsgame	2017	_Gamemaker
Derelict	2016	_Gamemaker
Sokpop S06: Sproots	2020	_Gamemaker
Rooftop Cop	2015	_Gamemaker
Frog story	2021	_Gamemaker
Riskers	2017	_Gamemaker
Robot Pirates	2017	_Gamemaker
Researcher	2021	_Gamemaker
Strip Slot Sonja	2019	_Gamemaker
DAMAGE CONTROL	2016	_Gamemaker
SwapQuest	2017	_Gamemaker
Apple Pop	2019	_Gamemaker
Sokpop S05: Bandapes	2020	_Gamemaker
Cold Bite	2019	_Gamemaker
Gongo	2021	_Gamemaker
Mineirinho Wildtides DC	2020	_Gamemaker
Mr. Parkour 2	2020	_Gamemaker
DreamBreak	2016	_Gamemaker
Arkan Tower	2021	_Gamemaker
Desirable	2020	_Gamemaker
Lucky day	2021	_Gamemaker
Neon Knight: Vengeance From The Grave	2018	_Gamemaker
Kingdom-Heroes	2019	_Gamemaker
Towers Inc.	2021	_Gamemaker
Detonation	2019	_Gamemaker
Red Adventure	2021	_Gamemaker
Puzzles with cats	2021	_Gamemaker
Guns Boy	2020	_Gamemaker
Fiery Disaster	2016	_Gamemaker
Bus Tycoon ND (Night and Day)	2016	_Gamemaker
Zball V	2020	_Gamemaker
Goblin Dungeoneer	2021	_Gamemaker
The Christmas Gifts	2018	_Gamemaker
X-MiGuFighters: Stripper Anya	2018	_Gamemaker
Big Journey to Home	2015	_Gamemaker
Hyperbolic Ignition	2018	_Gamemaker
Loot Collection: Mahjong	2017	_Gamemaker
Vikings Wars	2020	_Gamemaker
GOBS - Game Of Battle Simulation	2020	_Gamemaker
Fight For Love	2019	_Gamemaker
Dungeon Arena	2021	_Gamemaker
3 Days in the Abyss	2018	_Gamemaker
Spacefarers!	2018	_Gamemaker
Must Reach	2021	_Gamemaker
Click Space Miner	2016	_Gamemaker
My Isekai After Life is a romantic comedy RPG game!?	2020	_Gamemaker
Dato of Srivijaya	2020	_Gamemaker
The Quest for Achievements Remix	2019	_Gamemaker
Apokalypsis	2016	_Gamemaker
Strip Black Jack - In The Pub	2020	_Gamemaker
Smash Halloween Pumpkins: The Challenge	2018	_Gamemaker
Boom! Boom!	2019	_Gamemaker
Haunted Jail: Alcatas	2019	_Gamemaker
Best Miner	2021	_Gamemaker
Silence in Space - Season One	2018	_Gamemaker
STE : Save The Earth	2018	_Gamemaker
Cheaters Blackjack 21	2016	_Gamemaker
Starship Corporation	2018	_Gamemaker
Pripyat-3	2020	_Gamemaker
Soter	2021	_Gamemaker
Temptations X	2020	_Gamemaker
Hot Pieces	2021	_Gamemaker
Donjon Defense	2017	_Gamemaker
Axizon Labs: Zombies	2020	_Gamemaker
Heltons Haunted Hotel	2021	_Gamemaker
Limit of defense	2017	_Gamemaker
Hero of the Galactic Core	2017	_Gamemaker
Parkour	2017	_Gamemaker
Box Maze Extreme	2018	_Gamemaker
Medieval Wars	2021	_Gamemaker
Quiet Valley 2	2021	_Gamemaker
Tiger Fighter 1931	2018	_Gamemaker
Cat from the box	2021	_Gamemaker
Commissar Catlov	2020	_Gamemaker
The Horrors at Castle W√ºlhein	2020	_Gamemaker
Jailbreak Lockdown	2018	_Gamemaker
Cosmic Cat	2021	_Gamemaker
Football tournament	2021	_Gamemaker
Anime Cards	2021	_Gamemaker
Bonegard	2021	_Gamemaker
Forklift & Box	2020	_Gamemaker
Tiger Tank 59 ‚Ö† Air Strike	2019	_Gamemaker
Tiger Tank 59 ‚Ö† Volcano	2019	_Gamemaker
Penguin Quest	2021	_Gamemaker
The SOL Device 2	2021	_Gamemaker
Riding Shotgun	2021	_Gamemaker
Stolen Eggs	2021	_Gamemaker
Space Expand	2019	_Gamemaker
Othello 2018	2018	_Gamemaker
The Departure	2018	_Gamemaker
Pew-Pew Rocket	2019	_Gamemaker
Mystic Space	2018	_Gamemaker
Wild Times	2021	_Gamemaker
Cat Knight	2021	_Gamemaker
Just Old	2020	_Gamemaker
Food Stranding	2021	_Gamemaker
The Last Journey	2017	_Gamemaker
NightmareZ	2016	_Gamemaker
Siberian Dawn	2018	_Gamemaker
Strip Black Jack - Manga Edition	2020	_Gamemaker
Âà´Âä®Ëøô‰∏™ÊñπÂùó	2020	_Gamemaker
Owys	2015	_Gamemaker
Perfection.	2013	_Gamemaker
Orc Scrolls	2021	_Gamemaker
Choco Rabbit Revenge	2021	_Gamemaker
Hamster Daily	2018	_Gamemaker
Go To Bed: Survive The Night	2015	_Gamemaker
Strip Black Jack - Sex Bunny	2021	_Gamemaker
Arauco Saga	2019	_Gamemaker
Apoapsis	2019	_Gamemaker
Diminutive	2019	_Gamemaker
Warships On The Halloween Night	2019	_Gamemaker
Colonumbers	2018	_Gamemaker
Partless Ron	2021	_Gamemaker
Ladybird Reflect	2018	_Gamemaker
Hoverboard Chase	2021	_Gamemaker
Cowboy Escape	2018	_Gamemaker
Vaccine Hunter	2021	_Gamemaker
Battle Runner	2017	_Gamemaker
PlayUSA	2018	_Gamemaker
BELLING COINS	2020	_Gamemaker
Battle for Enlor	2017	_Gamemaker
Resurrector	2019	_Gamemaker
DuckMan	2021	_Gamemaker
The Castle Disaster 2	2018	_Gamemaker
SMACKHEAD	2017	_Gamemaker
The President	2018	_Gamemaker
13 Cycles	2019	_Gamemaker
TITAN HUNTER	2020	_Gamemaker
Fesnia	2018	_Gamemaker
Crazy Steam Bros 2	2015	_Gamemaker
Perang Laut - Maritime Warfare	2021	_Gamemaker
The Magister - The First Two Days	2021	_Gamemaker
Landon	2017	_Gamemaker
Aye Aye, Captain	2020	_Gamemaker
Big Fish	2021	_Gamemaker
Surabaya Inferno	2020	_Gamemaker
Abandoned Croxon Mansion	2021	_Gamemaker
Otiiz's adventure 2	2019	_Gamemaker
‰∫∫Áãº„ÅÆ‰ªî	2020	_Gamemaker
History Racers 2	2019	_Gamemaker
XENOS Defense	2019	_Gamemaker
_OUR_Defense	2020	_Gamemaker
Aquarium Life	2020	_Gamemaker
Zac Zac adventure	2020	_Gamemaker
Ant Force	2020	_Gamemaker
Elder Village	2019	_Gamemaker
Utopia Process	2021	_Gamemaker
Outer Frontier	2020	_Gamemaker
Magic defense 2: The Return of the Legend	2021	_Gamemaker
Mythic Prelude - Concept Demo	2021	_Gamemaker
Spidded	2021	_Gamemaker
Magic Time	2021	_Gamemaker
Kitsune Killer	2021	_Gamemaker
Slimey Champions	2020	_Gamemaker
Planet Assault	2018	_Gamemaker
100 Seconds	2018	_Gamemaker
Run Jump Die Repeat	2017	_Gamemaker
Desert Magic Adventures	2021	_Gamemaker
Plague Infection	2021	_Gamemaker
Amusemos	2021	_Gamemaker
Lucky Burst	2020	_Gamemaker
Tiger Fighter 1931 Tora!Tora!Tora!	2019	_Gamemaker
Tiger Soldier ‚Ö†	2018	_Gamemaker
Midnight Blues	2021	_Gamemaker
Alien Hunt	2021	_Gamemaker
Rotego	2021	_Gamemaker
ANTE	2020	_Gamemaker
Tiger Fighter 1931 Tora!Tora!	2019	_Gamemaker
Tiger Tank 59 ‚Ö† Black Hill Fortress	2019	_Gamemaker
Night of the Shrub Part 1	2018	_Gamemaker
Afterworld King	2021	_Gamemaker
Greed Is Bad	2021	_Gamemaker
Tiger Fighter 1931 Sunset	2019	_Gamemaker
Tiger Fighter 1931 Tora!	2019	_Gamemaker
Tiger Tank 59 ‚Ö† Break The Fog	2019	_Gamemaker
The Yellow Ladder	2019	_Gamemaker
Night of the Shrub Part 2	2018	_Gamemaker
MOVERS IN THE WAREHOUSE	2021	_Gamemaker
Penelope	2020	_Gamemaker
Go Rocket	2021	_Gamemaker
The Asteroid Belt's Trial	2018	_Gamemaker
Walking into Walls	2021	_Gamemaker
Bare Boob Brawlerz Visual Novel: Vol 01	2020	_Gamemaker
Dark Zone	2020	_Gamemaker
Space zone defender	2019	_Gamemaker
Starboy	2018	_Gamemaker
Keep It Safe 2	2017	_Gamemaker
7 Soccer: a sci-fi soccer tale	2018	_Gamemaker
Risky Floors	2020	_Gamemaker
Slime Crunch	2019	_Gamemaker
Magic Balls	2021	_Gamemaker
Dodge This!	2019	_Gamemaker
CUBE 332	2018	_Gamemaker
Sokpop S03: Oh Crab!	2020	_Gamemaker
Space puzzle	2021	_Gamemaker
CONTASION 2	2016	_Gamemaker
Captain The Runner	2018	_Gamemaker
Half-Past Impossible	2019	_Gamemaker
Snake Party	2017	_Gamemaker
Hollywood Hero	2020	_Gamemaker
Tiamat X	2015	_Gamemaker
Koya Rift	2014	_Gamemaker
The Promethium Effect - The Idle Clicker MMO	2017	_Gamemaker
Zball II	2020	_Gamemaker
Borderus: Angels & Demons	2020	_Gamemaker
All Guns On Deck	2015	_Gamemaker
Zball IV	2020	_Gamemaker
Guitar Hardness	2017	_Gamemaker
Zack Y	2018	_Gamemaker
Super Lee World	2019	_Gamemaker
Evil Buster	2021	_Gamemaker
Darkness Shooter	2021	_Gamemaker
Interactive Empathy	2020	_Gamemaker
you are pig sitter	2020	_Gamemaker
Magic defense	2021	_Gamemaker
Borderlight	2019	_Gamemaker
Mad Mustache	2021	_Gamemaker
Sato Dreams	2021	_Gamemaker
Secrets of the Middle Ages	2021	_Gamemaker
Ninety Days	2021	_Gamemaker
Tank Impact	2019	_Gamemaker
Airline Director 2 - Tycoon Game	2016	_Gamemaker
Hot steel	2020	_Gamemaker
O'Fox life	2017	_Gamemaker
Seductive Tombs: Beach Love	2021	_Gamemaker
Temptations X: Darkest Fantasy	2021	_Gamemaker
Lost Cosmonaut	2016	_Gamemaker
Devil Tears	2021	_Gamemaker
Balloon Azuna	2021	_Gamemaker
Electronic World Z	2020	_Gamemaker
Mystery Swords	2021	_Gamemaker
Zombies Desert and Guns	2021	_Gamemaker
Tank Hurricane	2019	_Gamemaker
Mini ship wars	2021	_Gamemaker
Sweet Dream	2021	_Gamemaker
Space Adventures	2021	_Gamemaker
Jigsaw With Animals	2021	_Gamemaker
X Archetype	2018	_Gamemaker
Auto Mechanic	2021	_Gamemaker
Candy gun	2021	_Gamemaker
Funny puzzle	2021	_Gamemaker
GunWorld	2015	_Gamemaker
Hollywood Hero: Comeback	2020	_Gamemaker
Retro Clicker	2021	_Gamemaker
Drift Mania	2021	_Gamemaker
LemWars	2020	_Gamemaker
Endless Crawler	2021	_Gamemaker
Village Defender	2021	_Gamemaker
Hero Sword	2021	_Gamemaker
Drunken Samurai	2021	_Gamemaker
Merri Puzzle	2017	_Gamemaker
Zima uhodi!	2018	_Gamemaker
Learn (Japanese) Kana The Fun Way!	2017	_Gamemaker
Puzzle Angry Cat	2020	_Gamemaker
Hacker.exe	2018	_Gamemaker
City Play	2016	_Gamemaker
Castle survival	2021	_Gamemaker
The Adventures of Fatman: Intergalactic Indigestion	2020	_Gamemaker
Mission XAM	2019	_Gamemaker
The Valley of Super Flowers	2020	_Gamemaker
Proxy Air Force	2020	_Gamemaker
Roanoke	2018	_Gamemaker
Balloon	2018	_Gamemaker
Gaze At Maze	2018	_Gamemaker
Click Space Miner 2	2019	_Gamemaker
Nibiru Voyage	2021	_Gamemaker
Neon Dimension	2021	_Gamemaker
Croquet Pro 2	2018	_Gamemaker
Shattered God - Quest for the Divine Relic	2017	_Gamemaker
Physics car FOREVER	2021	_Gamemaker
Drill Arena	2018	_Gamemaker
Zball VI	2020	_Gamemaker
Bad Bots Rise	2018	_Gamemaker
Encounter of Galaxies	2017	_Gamemaker
Kowi Ishto: Battle of Akonoli	2020	_Gamemaker
Space Trade Fleet 1.5	2019	_Gamemaker
Challenging Dogfights	2019	_Gamemaker
Pirates vs monkeys	2021	_Gamemaker
Jaxon The Thief	2019	_Gamemaker
Red Gate	2019	_Gamemaker
CrazyDoc	2021	_Gamemaker
Pug With Bomb	2021	_Gamemaker
Baseball Adventure	2021	_Gamemaker
12 locks and keys	2021	_Gamemaker
Project Druid - 2D Labyrinth Explorer-	2015	_Gamemaker
HUNGER	2017	_Gamemaker
Abst Clicker Farm	2020	_Gamemaker
Judged: A Court Simulator	2018	_Gamemaker
Fear Half Factor	2018	_Gamemaker
Dangerous Zone	2020	_Gamemaker
Crystal Rider	2021	_Gamemaker
Ragdoll Knight	2021	_Gamemaker
Borderus	2020	_Gamemaker
Jurassic Island: The Dinosaur Zoo	2015	_Gamemaker
GameMaker: Studio	2012	_Gamemaker
PukePuke Demon	2018	_Gamemaker
Princess.Loot.Pixel.Again	2016	_Gamemaker
Wanderlost		_Gamemaker
Torture Chamber	2018	_Gamemaker
Dungetris	2017	_Gamemaker
Catfender	2018	_Gamemaker
The Quest for Achievements	2017	_Gamemaker
Dininho Adventures	2020	_Gamemaker
Yelaxot	2015	_Gamemaker
Be the Ruler: Britannia		_Gamemaker
Kingdom Gun		_Gamemaker
Dungeon Maze	2019	_Gamemaker
8DAYS	2016	_Gamemaker
VODKA	2017	_Gamemaker
Dragon's Dungeon: Awakening	2017	_Gamemaker
Half Past Impossible	2017	_Gamemaker
Hordelicious	2015	_Gamemaker
The Quest for Achievements II	2017	_Gamemaker
Hard Era: The Fantasy Defence	2018	_Gamemaker
Escape From Nazi Labs	2016	_Gamemaker
hyper hardcore	2020	_Gamemaker
Violent Vectors	2017	_Gamemaker
Piximalism	2016	_Gamemaker
Light of the Locked World		_Gamemaker
Blood Branched Sakura	2020	_Gamemaker
The Binding Of YOU	2018	_Gamemaker
HenTris	2018	_Gamemaker
Outrunner	2017	_Gamemaker
Kings under the hill	2017	_Gamemaker
Which Way Out	2018	_Gamemaker
The Room of Black & White	2015	_Gamemaker
Flippin Kaktus		_Gamemaker
Shapes of Gray	2015	_Gamemaker
Pixel Tactics Online		_Gamemaker
Sharf	2016	_Gamemaker
Super Lula Escape From Prison	2018	_Gamemaker
Pyramid Plunge		_Gamemaker
Shield Cat		_Gamemaker
The Orb Chambers II	2016	_Gamemaker
Vernal Edge		_Gamemaker
The Orb Chambers	2016	_Gamemaker
Space Leprechaun	2017	_Gamemaker
WASDead	2018	_Gamemaker
Typing with Jester	2017	_Gamemaker
Black Lives Matter.	2020	_Gamemaker
Omega One	2017	_Gamemaker
Urizen Shadows of the Cold Deluxe Frosty Edition	2015	_Gamemaker
N0-EXIT	2019	_Gamemaker
Shrine's Legacy		_Gamemaker
NEO-NOW!	2017	_Gamemaker
Color Chemistry	2016	_Gamemaker
Outrunner 2	2018	_Gamemaker
Magma Chamber	2019	_Gamemaker
Fearful Symmetry	2016	_Gamemaker
CountDown	2016	_Gamemaker
Catacomb Explorers	2016	_Gamemaker
Store Simulator 2018	2018	_Gamemaker
Blaster Cop	2017	_Gamemaker
Anykey Simulator	2016	_Gamemaker
Reroll: Back to the throne	2017	_Gamemaker
Wizhood	2017	_Gamemaker
DEFENDERS	2016	_Gamemaker
Professor Nasty Time: The Stupidly Unfair Test Simulator 2016	2016	_Gamemaker
Death's Maze	2017	_Gamemaker
Pew Pew Rocket	2019	_Gamemaker
A Goo Adventure	2017	_Gamemaker
Trap Furry Puzzle	2018	_Gamemaker
Fruit Pop	2018	_Gamemaker
Project Amaranth		_Gamemaker
Hurricane Ship Ghost	2018	_Gamemaker
Ninja from Hell vs. Reptiloids	2018	_Gamemaker
Cheap Game 3	2021	_Gamemaker
Anime Fight in the Arena of Death	2018	_Gamemaker
Text RPG	2021	_Gamemaker
Empire Defenders	2020	_Gamemaker
Spellblast	2016	_Gamemaker
Smash'em	2021	_Gamemaker
Sexy Furry Puzzle	2018	_Gamemaker
SNIPER TANKS	2018	_Gamemaker
Sister Adventure	2019	_Gamemaker
Empire of the Dead Souls	2018	_Gamemaker
Suicideville	2018	_Gamemaker
!Dead Pixels Adventure!	2018	_Gamemaker
Mutants Must Die!	2018	_Gamemaker
Goblin and Coins II		_Gamemaker
Hello From Indiana	2016	_Gamemaker
Sir Smedieval	2019	_Gamemaker
Kill The Moon		_Gamemaker
The mutton horn - Jump jump!	2018	_Gamemaker
Your Car Shooter	2018	_Gamemaker
Trawel	2019	_Gamemaker
Hello World		_Gamemaker
HenTris 2: Shemales	2018	_Gamemaker
Hentai Sado Puzzle	2018	_Gamemaker
Space Hurricane Storm	2018	_Gamemaker
Obscure Realm	2017	_Gamemaker
Comixxx Duality	2021	_Gamemaker
Perfect Harmony	2020	_Gamemaker
Western Adventure	2016	_Gamemaker
Epic PVP Castles	2017	_Gamemaker
!4RC4N01D!	2018	_Gamemaker
I Support BCRF	2019	_Gamemaker
Learn to Drive on Moto Wars	2018	_Gamemaker
Your Ball Exploded	2018	_Gamemaker
Aviation Hurricane Storm	2018	_Gamemaker
Ink	2021	_Gamemaker
Ultimate Reality	2020	_Gamemaker
The Loner	2017	_Gamemaker
My Fingers!	2021	_Gamemaker
The Shadow of Hell	2018	_Gamemaker
Rock Painting Story	2018	_Gamemaker
Harpy Gaiden DX		_Gamemaker
Ranger in Spider's den	2018	_Gamemaker
Space Hurricane Storm: 2 Edition	2018	_Gamemaker
Ranger vs. Space Mutants	2018	_Gamemaker
Teenager vs.Tropical Mutants	2018	_Gamemaker
Goblins on Alien Planet	2018	_Gamemaker
Rogue Zillion	2017	_Gamemaker
Sleeping With Death	2021	_Gamemaker
Gravity Leo	2018	_Gamemaker
Fruit Pop II	2018	_Gamemaker
OldWar	2019	_Gamemaker
Laggerjack	2018	_Gamemaker
Cardiganical	2018	_Gamemaker
Space Ranger vs. Reptiloids: 2 Edition	2018	_Gamemaker
Cheap Game	2020	_Gamemaker
Flameruby	2018	_Gamemaker
Noonie	2018	_Gamemaker
Cheap Game 2	2021	_Gamemaker
Lannath	2019	_Gamemaker
Space Ranger vs. Reptiloids	2018	_Gamemaker
RetroShooti	2021	_Gamemaker
Friends For The Apocalypse		_Gamemaker
Machine With a Big Gun	2018	_Gamemaker
!4RC4N01D! 4: KOHBEEP edition	2018	_Gamemaker
Tiny Toast	2017	_Gamemaker
Planet Blood	2020	_Gamemaker
Memories of Fireflies	2021	_Gamemaker
Knights of the Silver Table		_Gamemaker
Galaxy in eclipse	2017	_Gamemaker
Sweet Magic Madness	2019	_Gamemaker
Clich√© Adventure	2021	_Gamemaker
Miner Ultra Wild Tides	2018	_Gamemaker
Reprogram	2017	_Gamemaker
Beyond the Storm		_Gamemaker
Don't burn	2019	_Gamemaker
HyperQ: The 4Dimensional Roguelike	2019	_Gamemaker
Soaring perl Tom	2019	_Gamemaker
Magic Gravity	2018	_Gamemaker
Project Tank	2018	_Gamemaker
Littlewing	2020	_Gamemaker
The Fog	2019	_Gamemaker
The Old Kazulka	2018	_Gamemaker
Blindsight	2017	_Gamemaker
Evade	2021	_Gamemaker
OldWar 2	2019	_Gamemaker
Little Arena	2018	_Gamemaker
Kalzor: 2000	2017	_Gamemaker
Â§ßÊ≠£„Çæ„É≥„Éì„Çç„Åæ„ÇìÔºà„Éó„É©„ÇπÔºâ	2020	_Gamemaker
Squad Killer	2021	_Gamemaker
Kells	2021	_Gamemaker
Crystal Valley	2020	_Gamemaker
Samurai Crawler	2021	_Gamemaker
Backfire	2020	_Gamemaker
Malcom's Day	2019	_Gamemaker
Drowned Helicopter	2021	_Gamemaker
The Hero of Bangaona	2021	_Gamemaker
ËÉñÂ≠êÁÅµÂºÇ‰∫ã‰ª∂Á∞ø~Âªä‰πãÁØá~	2021	_Gamemaker
LumberJack	2020	_Gamemaker
Brave knight runner	2019	_Gamemaker
Fix Race	2018	_Gamemaker
Meteors	2017	_Gamemaker
Deffactor	2020	_Gamemaker
Skeleton Troubles	2021	_Gamemaker
Pathmaker	2020	_Gamemaker
Elette Fragments	2019	_Gamemaker
Shawarma or Shaverma	2021	_Gamemaker
Super TECHPACK	2021	_Gamemaker
In My Defense	2021	_Gamemaker
Two Kingdoms	2019	_Gamemaker
Grimsonland	2018	_Gamemaker
Mutate!	2018	_Gamemaker
Plant Revenge	2020	_Gamemaker
!BurnToDie!	2018	_Gamemaker
FanTris	2018	_Gamemaker
Catburglar	2018	_Gamemaker
Cave Explorer	2021	_Gamemaker
Lost Gold	2021	_Gamemaker
The Core Message	2020	_Gamemaker
Microscope Madness	2019	_Gamemaker
The Great Mushroom Hunt	2019	_Gamemaker
Displacement Arcade Game Box	2019	_Gamemaker
Cave Escape	2018	_Gamemaker
Village defense	2021	_Gamemaker
Bubble hunt	2021	_Gamemaker
Skull Bullets	2021	_Gamemaker
Second to Nun	2021	_Gamemaker
Angels vs Demons	2021	_Gamemaker
Dudu Monkey	2021	_Gamemaker
Wreck the Insects	2020	_Gamemaker
Laser Heck	2020	_Gamemaker
Rogue Snow: Everwinter	2020	_Gamemaker
Dystopian Drift	2019	_Gamemaker
PaperPlanets	2018	_Gamemaker
Hero of the day	2021	_Gamemaker
Spaceship Trouble	2021	_Gamemaker
Path to Heaven	2021	_Gamemaker
Stringtropy	2021	_Gamemaker
Pop up Blaster	2020	_Gamemaker
William and the Lands of Rage	2020	_Gamemaker
Cookie Space	2021	_Gamemaker
Kromaticube		_Gamemaker
Small Iron	2021	_Gamemaker
Flap Demon	2020	_Gamemaker
Night of the Shrub Part 3	2019	_Gamemaker
Masplado	2018	_Gamemaker
Mega City Void		_Gamemaker
Aeroplane Blaster	2021	_Gamemaker
Alien Accident	2021	_Gamemaker
Violent Agent	2021	_Gamemaker
Storage Chase	2021	_Gamemaker
Cosmo 02	2021	_Gamemaker
Castle Champion	2021	_Gamemaker
PROVIDER	2021	_Gamemaker
Bad Guy Adventure	2021	_Gamemaker
pop and well	2020	_Gamemaker
Colorful Snake	2020	_Gamemaker
Mazed and Bemused	2020	_Gamemaker
Last Protection	2019	_Gamemaker
Metronium	2019	_Gamemaker
Bet on Man	2019	_Gamemaker
Ordinem	2019	_Gamemaker
Donut Shop	2018	_Gamemaker
Blood Red Fists	2021	_Gamemaker
Remy Raccoon and the Lost Temple - Halloween Hijinks (Volume 1)	2021	_Gamemaker
Spaceship War	2021	_Gamemaker
Super Shield Dash	2021	_Gamemaker
Neon Light	2021	_Gamemaker
This will not go well	2020	_Gamemaker
Tunnel Vision	2020	_Gamemaker
Lost in Transit	2020	_Gamemaker
Sky hurricanes	2019	_Gamemaker
Airship Killer	2021	_Gamemaker
Maze Mayhem	2021	_Gamemaker
Return Alive	2021	_Gamemaker
Bubble Breaking	2021	_Gamemaker
Space Endeavor	2021	_Gamemaker
Thirty Two HardMod	2021	_Gamemaker
Nocko	2021	_Gamemaker
Angry Troll	2019	_Gamemaker
Drone Crash Course	2021	_Gamemaker
Brave Doggy Quest	2021	_Gamemaker
HOGuru Presents: The House With Too Many Zombies In It		_Gamemaker
Little Red Rocket Ship	2021	_Gamemaker
