game_name	relise_year	func_name
OMORI	2020	_RPGMaker
Firework	2021	_RPGMaker
Grimm's Hollow	2019	_RPGMaker
Finding Paradise	2017	_RPGMaker
Eternal Senia	2015	_RPGMaker
To the Moon	2012	_RPGMaker
Tales of the Black Forest	2019	_RPGMaker
第七号列车 - Train No. 7	2021	_RPGMaker
异化之恶〇Abnormal Treatment	2019	_RPGMaker
LISA	2014	_RPGMaker
Impostor Factory	2021	_RPGMaker
Rakuen	2017	_RPGMaker
Hylics	2015	_RPGMaker
The Witch's House MV	2018	_RPGMaker
Hello Charlotte: Childhood's End	2018	_RPGMaker
Trick & Treat	2016	_RPGMaker
King Exit	2017	_RPGMaker
永冻之壳 The Shell of Permafrost	2018	_RPGMaker
Meltys Quest	2017	_RPGMaker
Ann	2021	_RPGMaker
The Test	2020	_RPGMaker
RPG Maker VX Ace	2012	_RPGMaker
Noel the Mortal Fate S1-7	2018	_RPGMaker
旅燕归航 Swallow Homing	2019	_RPGMaker
Ara Fell: Enhanced Edition	2016	_RPGMaker
Hello Charlotte	2016	_RPGMaker
The Test: Hypothesis Rising	2020	_RPGMaker
Angels of Death	2016	_RPGMaker
Confess My Love	2017	_RPGMaker
The Test: Final Revelation	2020	_RPGMaker
逝去的回忆3：四叶草之梦	2019	_RPGMaker
Treasure of Nadia	2021	_RPGMaker
狐の旅路	2020	_RPGMaker
To the Moon Soundtrack	2012	_RPGMaker
MECHANICA: A Ballad of the Rabbit and Mercury	2021	_RPGMaker
The World is Your Weapon	2019	_RPGMaker
WhiteLily 1：丽丽公主	2018	_RPGMaker
Yume Nikki	2018	_RPGMaker
Consummate:Missing World	2017	_RPGMaker
The Confession	2020	_RPGMaker
来自边境 - From Frontier	2020	_RPGMaker
Summer Memories	2020	_RPGMaker
Evil God Korone	2021	_RPGMaker
Material Girl	2017	_RPGMaker
绮罗四时谭	2019	_RPGMaker
The Last Sovereign	2019	_RPGMaker
The Lar	2019	_RPGMaker
Cat in the Box	2020	_RPGMaker
Elise the Devil	2017	_RPGMaker
tomorrow won't come for those without ██████	2020	_RPGMaker
Changed	2018	_RPGMaker
做个好梦	2021	_RPGMaker
Ambrosia	2021	_RPGMaker
RPG Maker MV	2015	_RPGMaker
神社的百合香 ~ Floral Aroma in the Shrine	2018	_RPGMaker
Heroines of Swords & Spells	2020	_RPGMaker
The Horrorscope	2020	_RPGMaker
The Advisor - Episode 1: Royal Pain	2021	_RPGMaker
黑色花与红山羊 / Black Datura & Red Goat	2020	_RPGMaker
Ruins Seeker	2020	_RPGMaker
WhiteLily 2：梦醒少女	2020	_RPGMaker
Survive or Thrive	2020	_RPGMaker
FALL IN LABYRINTH	2021	_RPGMaker
巴哈姆特2-龍之新娘(Bahamut2-dragon's bride)	2021	_RPGMaker
Learn Japanese To Survive - Hiragana Battle	2016	_RPGMaker
月夜下的紅茶杯 ~ Blacktea With Moon	2018	_RPGMaker
Tailor Tales	2019	_RPGMaker
Helen's Mysterious Castle	2016	_RPGMaker
Detective Girl of the Steam City	2019	_RPGMaker
Corinne Cross's Dead & Breakfast	2016	_RPGMaker
RPG Maker XP	2013	_RPGMaker
Fausts Alptraum	2017	_RPGMaker
英雄群侠传II	2019	_RPGMaker
子夜之章:历史的终局～MidNights of Desperado～	2021	_RPGMaker
RED	2017	_RPGMaker
西游记2021	2021	_RPGMaker
Coffin of Ashes	2016	_RPGMaker
The Journey - Episode 1: Whatever This Is	2021	_RPGMaker
A Story Beside	2019	_RPGMaker
月球巫妖/Lunar Lich	2021	_RPGMaker
Dragon Spirits : Prologue	2020	_RPGMaker
WTF is wrong with you?	2021	_RPGMaker
Transparent Black	2017	_RPGMaker
Metal as Phuk	2017	_RPGMaker
LAST EMBRYO -EITHER OF BRAVE TO STORY-	2020	_RPGMaker
HorrorVale	2019	_RPGMaker
巅峰骑士团	2019	_RPGMaker
Mothlight	2017	_RPGMaker
Fallow	2021	_RPGMaker
My Holiday	2018	_RPGMaker
The Deed	2015	_RPGMaker
Feather Of Praying 羽翼的祈愿	2018	_RPGMaker
Zelle	2019	_RPGMaker
雨鸦 - You are my sanctuary	2018	_RPGMaker
Dark Elf	2017	_RPGMaker
The Witches' Tea Party	2017	_RPGMaker
Stray Cat Crossing	2015	_RPGMaker
RPG Maker VX Ace Lite		_RPGMaker
Damned Daniel	2018	_RPGMaker
Learn Japanese To Survive! Katakana War	2017	_RPGMaker
Jimmy and the Pulsating Mass	2018	_RPGMaker
瓶中精灵 - Fairy in a Jar	2019	_RPGMaker
英雄群侠传	2019	_RPGMaker
Survivor Dieland	2021	_RPGMaker
天岚行 - Through the Mist and Sky	2018	_RPGMaker
Monster Garden	2018	_RPGMaker
Finding Paradise Soundtrack	2017	_RPGMaker
KOEWOTAYORINI SP / 声之寄托SP	2018	_RPGMaker
Princess & Conquest	2019	_RPGMaker
Taima Miko Yuugi	2017	_RPGMaker
Beyond the Sunset 斜阳下的彼岸	2017	_RPGMaker
RPG Maker 2003	2015	_RPGMaker
Diary of Lucie	2020	_RPGMaker
The Horrorscope: Fatal Awakening	2020	_RPGMaker
Lenin - The Lion	2019	_RPGMaker
The Case Book of Arne	2020	_RPGMaker
Karen: An Outrage Simulator	2020	_RPGMaker
Succubus Rem	2017	_RPGMaker
绽于枝垂樱下~Flowering Across the Hakugyokurou	2019	_RPGMaker
Lockheart Indigo	2020	_RPGMaker
Echoes of Nocturnal Chords 夜弦之音	2020	_RPGMaker
Liz ~The Tower and the Grimoire~	2020	_RPGMaker
Dungeon Dreams	2019	_RPGMaker
Path Out	2017	_RPGMaker
The Chronicles of Quiver Dick	2018	_RPGMaker
Ouroboros	2018	_RPGMaker
Slow living with Princess	2021	_RPGMaker
So, uh... a spaceship crashed in my yard.	2018	_RPGMaker
选王之剑	2021	_RPGMaker
Traum	2018	_RPGMaker
BEKKOUAME	2018	_RPGMaker
LunarLux Chapter 1	2020	_RPGMaker
Ideology in Friction	2019	_RPGMaker
SHUT IN	2020	_RPGMaker
Star Apprentice: Magical Murder Mystery	2021	_RPGMaker
Lust Epidemic	2020	_RPGMaker
亭上满月映西枝~The Forever Moon	2020	_RPGMaker
Wolf & Rabbit	2018	_RPGMaker
The Chronicles of Nyanya	2018	_RPGMaker
The Questionably Quirky Quiz Show - Episode 1	2021	_RPGMaker
HIBIKAKEYIRONOKISEKI / 裂色的奇迹	2017	_RPGMaker
Fear & Hunger	2019	_RPGMaker
Causality	2021	_RPGMaker
Aveyond 4: Shadow of the Mist	2016	_RPGMaker
My Holiday 2	2020	_RPGMaker
Bonds	2018	_RPGMaker
Claire's Quest	2021	_RPGMaker
Camp Sunshine	2016	_RPGMaker
Last Devil	2021	_RPGMaker
The Tale of a Common Man	2016	_RPGMaker
Fantasya Final Definitiva REMAKE	2017	_RPGMaker
That Time I Got Reincarnated as an Orc	2021	_RPGMaker
归路：见证	2021	_RPGMaker
Nina Aquila: Legal Eagle, Season One	2021	_RPGMaker
凯尔文 - Kelvin And The Chateau	2021	_RPGMaker
The King's Request: Physiology and Anatomy Revision Game	2018	_RPGMaker
逝去的回忆3外传：逝3滞销帮帮我们	2020	_RPGMaker
Sylphy and the Sleepless Island	2021	_RPGMaker
The Mirror Lied	2018	_RPGMaker
Space Pilgrim Episode I: Alpha Centauri	2015	_RPGMaker
ALILIA	2019	_RPGMaker
Skyborn	2014	_RPGMaker
Einlanzer	2017	_RPGMaker
封神外传	2021	_RPGMaker
Forever Home	2017	_RPGMaker
The Heiress	2017	_RPGMaker
My Hole is a Mouth of Dirt	2020	_RPGMaker
阿津	2019	_RPGMaker
Hazumi and the Pregnation	2020	_RPGMaker
Suits: A Business RPG	2016	_RPGMaker
TAKANARIA	2019	_RPGMaker
Kokurase	2016	_RPGMaker
Sentience: The Android's Tale	2017	_RPGMaker
The night of fire stealing/盗火之夜	2018	_RPGMaker
Kozue's Strange Journey	2020	_RPGMaker
Petals of the Star Curtain	2020	_RPGMaker
Soma Spirits: Rebalance	2017	_RPGMaker
Close Your Eyes	2015	_RPGMaker
Nepenthe	2018	_RPGMaker
Asyula 方舟之链	2017	_RPGMaker
The Deed: Dynasty	2016	_RPGMaker
The Endless Empty	2018	_RPGMaker
The Button Witch	2020	_RPGMaker
Soulscape	2019	_RPGMaker
Knight Bewitched	2018	_RPGMaker
Angels of Death Episode.Eddie	2020	_RPGMaker
YOU CAN'T FUCK ON AN EMPTY STOMACH	2019	_RPGMaker
Seance	2021	_RPGMaker
Yokai Mask	2018	_RPGMaker
At Home Alone II	2019	_RPGMaker
Fallen ~Makina and the City of Ruins~	2018	_RPGMaker
The Fruitless Flower 雾雨中的徒花	2018	_RPGMaker
Wolf of Stock Street	2021	_RPGMaker
Snow-Swept Quest	2021	_RPGMaker
Vampires Dawn 3	2021	_RPGMaker
Home and Dungeon	2020	_RPGMaker
Antagonist	2017	_RPGMaker
Space Pilgrim Academy: Reunion	2019	_RPGMaker
Wolf's Gang	2020	_RPGMaker
Space Pilgrim Episode IV: Sol	2016	_RPGMaker
The Dungeon of Lulu Farea	2019	_RPGMaker
Space Pilgrim Academy: Year 1	2017	_RPGMaker
A Bird Story	2014	_RPGMaker
Divided Reigns	2021	_RPGMaker
No one lives in heaven	2020	_RPGMaker
外兽祭·兽人们的冒险酒馆	2021	_RPGMaker
与芙兰朵露一起捉迷藏吧	2021	_RPGMaker
Space Pilgrim Academy: Year 3	2018	_RPGMaker
KiKiMiMi/ 听能力搜查官	2019	_RPGMaker
It Moves	2019	_RPGMaker
Hero and Daughter+	2016	_RPGMaker
HITOTSU NO MORI	2020	_RPGMaker
Peaceful Days	2020	_RPGMaker
A Sceptic's Guide to Magic	2019	_RPGMaker
Star Shift Origins	2021	_RPGMaker
RPG Fighter League	2019	_RPGMaker
Путешествие паладина	2021	_RPGMaker
KOEWOTAYORINI / 声之寄托	2018	_RPGMaker
Jesus Christ RPG Trilogy	2016	_RPGMaker
The Oni Sellsword	2018	_RPGMaker
风中之烛	2020	_RPGMaker
Art of Deception	2020	_RPGMaker
Silver Creek Falls - Chapter 1	2015	_RPGMaker
In The Ember 余烬之中	2019	_RPGMaker
Later On	2018	_RPGMaker
The Dragons' Twilight	2017	_RPGMaker
Black Moon 黑月	2018	_RPGMaker
Demonpact: Clarice	2021	_RPGMaker
The Sunny Day 晴天	2018	_RPGMaker
反现实症候群γ - Counterrealstic Syndrome γ	2019	_RPGMaker
Island Saga	2020	_RPGMaker
De Fobos y Deimos	2018	_RPGMaker
I L L U S I O N	2018	_RPGMaker
谁说奶妈不能拯救世界！	2020	_RPGMaker
Mrs. Santa's Gift Hunt	2020	_RPGMaker
Prey with Gun	2017	_RPGMaker
Flandre's dream. - 36000 ft deep -	2019	_RPGMaker
Reformers	2017	_RPGMaker
KiKiMiMi2 / 听能力搜查官2	2019	_RPGMaker
Horns of Fear	2018	_RPGMaker
TinkerQuarry	2019	_RPGMaker
Pegasus-5: Gone Astray	2018	_RPGMaker
Apostle	2019	_RPGMaker
Insurgence - Chains of Renegade	2018	_RPGMaker
R.I.C.A	2019	_RPGMaker
Friday 星期五部门	2019	_RPGMaker
Flowering Across 樱下花期	2021	_RPGMaker
A Long Road Home	2017	_RPGMaker
Space Pilgrim Episode II: Epsilon Indi	2016	_RPGMaker
HEARTBEAT	2018	_RPGMaker
White Dove 白雀	2019	_RPGMaker
Echoes of Aetheria	2016	_RPGMaker
Quiver Dick's Terrible Tale For Terrible Parents To Read To Their Equally Terrible Children	2018	_RPGMaker
Mars Underground	2019	_RPGMaker
Purgo box	2021	_RPGMaker
Lost Remnant: The End Tides	2020	_RPGMaker
Dream Rose	2019	_RPGMaker
Nursery Slime	2021	_RPGMaker
Les Quatre Alices	2017	_RPGMaker
Radiant Arc	2019	_RPGMaker
Captive	2018	_RPGMaker
Ceress and Orea	2018	_RPGMaker
绿洲计划	2020	_RPGMaker
Cherry Tree High Comedy Club	2012	_RPGMaker
HYBRIS - Pulse of Ruin	2018	_RPGMaker
My Light In The Dark	2019	_RPGMaker
Learn Japanese To Survive! Kanji Combat	2018	_RPGMaker
Tropicalia	2020	_RPGMaker
The Inquisitor	2018	_RPGMaker
Insurgence - Second Assault	2020	_RPGMaker
Twilight Memoria	2021	_RPGMaker
Miss Cat	2019	_RPGMaker
Eternal Dreamers	2021	_RPGMaker
Lawless Lands	2020	_RPGMaker
Space Pilgrim Academy: Year 2	2018	_RPGMaker
Sins Of The Demon RPG	2016	_RPGMaker
Our Hero! First	2020	_RPGMaker
Memoirs of a Battle Brothel	2021	_RPGMaker
Sir Stretchalot	2021	_RPGMaker
Dark Lord: Peacemaker	2021	_RPGMaker
HEBEREKE!: March! Red Army Girls' Brigade	2016	_RPGMaker
Osteoblasts	2021	_RPGMaker
After I met that catgirl, my questlist got too long!	2021	_RPGMaker
Erinye Demo	2018	_RPGMaker
Gaia's Melody: Echoed Melodies	2017	_RPGMaker
Feast Your Eyes: Little Marshmallow	2020	_RPGMaker
Knight Bewitched 2	2020	_RPGMaker
You're Not Special	2019	_RPGMaker
Familia	2019	_RPGMaker
The Devil's Womb	2019	_RPGMaker
Succumate	2020	_RPGMaker
Fox Girls Never Play Dirty	2021	_RPGMaker
Corpo Tale	2016	_RPGMaker
COPPER ODYSSEY	2021	_RPGMaker
宵闇ノ影	2020	_RPGMaker
非常魔王(Beelzebub)	2020	_RPGMaker
Brave Hero Yuusha EX	2019	_RPGMaker
画师	2020	_RPGMaker
LUNA	2020	_RPGMaker
7 Days in Dream 光尘	2018	_RPGMaker
Love in Belarus	2021	_RPGMaker
Tina: Swordswoman of the Scarlet Prison	2019	_RPGMaker
Space Pilgrim Episode III: Delta Pavonis	2016	_RPGMaker
Disc Creatures	2019	_RPGMaker
Nick Beard: The Fedora of Destiny	2018	_RPGMaker
Meritocracy of the Oni & Blade	2018	_RPGMaker
Covid Tale: Ignorance	2020	_RPGMaker
Princesses Never Lose!	2020	_RPGMaker
Public Defense Corp	2020	_RPGMaker
失落之白 Eternal Liiivie EP1, 與世隔絕的白族	2020	_RPGMaker
ENIGMA : An Illusion Named Family	2015	_RPGMaker
De:Void	2020	_RPGMaker
Lonely in the Winter	2018	_RPGMaker
SINNERS	2019	_RPGMaker
The Legion of Maelstrom	2021	_RPGMaker
The Sea Between	2018	_RPGMaker
Gurobu	2020	_RPGMaker
The Adventures of Crackhead Jack: Overdose Edition	2020	_RPGMaker
Red Haze	2017	_RPGMaker
涨粉二维码	2021	_RPGMaker
女巫与六便士 the sibyl and sixpence	2018	_RPGMaker
Astoria: The Holders of Power Saga	2017	_RPGMaker
Last Dream	2014	_RPGMaker
百合籠	2021	_RPGMaker
The Deal	2017	_RPGMaker
Super gamebear with its three girlfriends你想知道关于超级喜欢游戏的一头黑色矮小的游戏熊是如何与它的“三个后宫团女朋友”购买到GBC游戏机的吗？	2019	_RPGMaker
Ark of Artemis	2021	_RPGMaker
Metallic Metronome	2020	_RPGMaker
Deported 2: Build That Wall	2018	_RPGMaker
Legend of Cenama	2019	_RPGMaker
Thorne - Son of Slaves (Ep.2)	2016	_RPGMaker
Shivering Hearts	2020	_RPGMaker
The Pale City	2020	_RPGMaker
BlackSimulator	2018	_RPGMaker
Future Proof	2018	_RPGMaker
Bubbaruka!	2021	_RPGMaker
Wait - Extended	2015	_RPGMaker
Wormskull	2020	_RPGMaker
魔塔2018	2018	_RPGMaker
Sojourner	2017	_RPGMaker
Recruit One	2020	_RPGMaker
Rise of SamuraizerzZz	2020	_RPGMaker
Nusakana	2015	_RPGMaker
PUT ANNA	2018	_RPGMaker
阿比斯的宝藏 - Treasure of abyss	2018	_RPGMaker
RaiOhGar: Asuka and the King of Steel	2020	_RPGMaker
最后的守护者之虚幻的梦	2021	_RPGMaker
Trap welcome to Beryl	2018	_RPGMaker
To Light: Ex Umbra	2019	_RPGMaker
The Harrowed	2020	_RPGMaker
Angel Made	2021	_RPGMaker
Lost Remnant: Roaches to Riches	2020	_RPGMaker
Yet Another Hero Legend	2019	_RPGMaker
ALONE	2021	_RPGMaker
The Deed II	2020	_RPGMaker
Celestial Hearts	2021	_RPGMaker
Who Stole My Beard?	2021	_RPGMaker
Sarab: Duji Tower	2016	_RPGMaker
The Dragons' Twilight II	2019	_RPGMaker
Thorne - Death Merchants	2016	_RPGMaker
Snares of Ruin	2018	_RPGMaker
Deported: Drain the Swamp	2018	_RPGMaker
Legionwood: Tale of the Two Swords	2016	_RPGMaker
パラディンリアス	2020	_RPGMaker
Girlfriend Rescue	2015	_RPGMaker
The Monsters' History Book 怪物的历史书	2018	_RPGMaker
Venaitura	2021	_RPGMaker
Dark Blood Chronicles	2017	_RPGMaker
Crimson Shift	2018	_RPGMaker
Lantern of Worlds - The Story of Layla	2019	_RPGMaker
Death and Progress	2019	_RPGMaker
Dying Flame	2021	_RPGMaker
Fifefer Island	2021	_RPGMaker
Witch Loraine's Death Game	2019	_RPGMaker
The Hunt - Rebuilt	2017	_RPGMaker
Axial Disc 1	2021	_RPGMaker
无眠夜曲	2021	_RPGMaker
恋爱总动员	2019	_RPGMaker
Naked Story	2019	_RPGMaker
猎魔者战纪	2019	_RPGMaker
Last Word	2015	_RPGMaker
Sydney's World	2016	_RPGMaker
皓月空华	2019	_RPGMaker
My Military Life	2021	_RPGMaker
Memories of a Vagabond	2014	_RPGMaker
Strangers of the Power 2	2018	_RPGMaker
Knight Eternal	2019	_RPGMaker
红魔事件簿 The Note of Red Evil	2020	_RPGMaker
Slimes	2020	_RPGMaker
Shera and the Three Treasures	2019	_RPGMaker
Cursed Mansion	2021	_RPGMaker
Nox Dei	2017	_RPGMaker
The Adventure of Magical Girl	2018	_RPGMaker
幻想异乡曲 Butterfly~Rin	2019	_RPGMaker
只是一座楼	2021	_RPGMaker
The Great Gaias	2018	_RPGMaker
Hero Allstars: Void Invasion	2020	_RPGMaker
Kunoichi Botan	2019	_RPGMaker
Lucie	2018	_RPGMaker
Singularity: Tactics Arena	2019	_RPGMaker
Cyberpunk Fighting	2021	_RPGMaker
Reimu's Weird little advanture	2020	_RPGMaker
NALOGI	2018	_RPGMaker
RPG Maker VX	2016	_RPGMaker
World's Dawn	2016	_RPGMaker
Loser Reborn	2019	_RPGMaker
Waterside Chirping 水畔空蝉	2018	_RPGMaker
Case 02: Paranormal Evil	2021	_RPGMaker
Ayumi: Enhanced Edition	2016	_RPGMaker
Rage Quest: The Worst Game	2018	_RPGMaker
Drumpf 2: Lost, But Not Forgotten!	2019	_RPGMaker
Chaos Drift	2017	_RPGMaker
Sur	2021	_RPGMaker
魔法与高塔	2021	_RPGMaker
The Bounty: Deluxe Edition	2018	_RPGMaker
Geezer Gus: The Meteorite Motel	2020	_RPGMaker
Terrible Laboratory	2019	_RPGMaker
Beyond Reality	2016	_RPGMaker
7th Deep	2018	_RPGMaker
The Bunker 69	2019	_RPGMaker
Trials of Guinevere	2019	_RPGMaker
Em-A-Zurvival	2020	_RPGMaker
Dungeon Dreams (Female Protagonist)	2019	_RPGMaker
199X	2015	_RPGMaker
Nyanco Project	2019	_RPGMaker
Witch of Ice Kingdom II	2017	_RPGMaker
All Over	2020	_RPGMaker
The Stonks Market	2021	_RPGMaker
Demonheart: Hunters	2020	_RPGMaker
Dead Dreams	2020	_RPGMaker
Ashes of the Night	2019	_RPGMaker
Seed of Evil	2018	_RPGMaker
通向地狱	2021	_RPGMaker
Tale's Casino Escape	2019	_RPGMaker
Tales of Winds: Tomb of the Sol Empire	2017	_RPGMaker
Aimi	2020	_RPGMaker
魔塔地牢	2021	_RPGMaker
Black Dream	2018	_RPGMaker
ESCAPE Room: Reality	2017	_RPGMaker
Rave Heart	2020	_RPGMaker
Snares of Ruin Zero	2018	_RPGMaker
Aurora - Cores Ocultas	2021	_RPGMaker
Shattered Hourglass	2020	_RPGMaker
Novas Las Aventurietas del Robercleiton o Renascimento do TURBO	2018	_RPGMaker
Rakuen Original Soundtrack	2017	_RPGMaker
Holy Knight Luviria	2019	_RPGMaker
Undefeated	2015	_RPGMaker
Wooden Ocean	2020	_RPGMaker
Carrier Trail	2020	_RPGMaker
莉莉娜的奇幻之旅	2020	_RPGMaker
Azurael's Circle: Chapter 1	2018	_RPGMaker
Millennium 3 - Cry Wolf	2014	_RPGMaker
Dawn's Light	2016	_RPGMaker
Students' horrible stories FIN	2021	_RPGMaker
Major\Minor	2015	_RPGMaker
Empire	2018	_RPGMaker
NashBored	2019	_RPGMaker
Asguaard	2015	_RPGMaker
The trial of witch	2018	_RPGMaker
Kilcount	2018	_RPGMaker
Lilly and Sasha: Curse of the Immortals	2015	_RPGMaker
The Amber Throne	2015	_RPGMaker
KóterGame	2018	_RPGMaker
Team Four Star RPG	2017	_RPGMaker
異星病毒Alien virus	2021	_RPGMaker
Deadly Sin 2	2014	_RPGMaker
Ritual on the Eve 前夜祭	2018	_RPGMaker
Soaring Machinariae	2021	_RPGMaker
Exatron Quest	2017	_RPGMaker
Game Master Plus	2019	_RPGMaker
Time of the Moon	2019	_RPGMaker
Tales of Komori: Prologue	2021	_RPGMaker
Born Tubi Wild	2017	_RPGMaker
R E A L I T Y	2020	_RPGMaker
Pumpkin Farmer	2020	_RPGMaker
告死天使之言 - Death angel	2019	_RPGMaker
告死天使的审判-Death Angel Trial	2020	_RPGMaker
8-Bit Adventures 1: The Forgotten Journey Remastered Edition	2015	_RPGMaker
Amulet Zero 零物语 - Optimize	2018	_RPGMaker
Rose Garden at the World's End	2019	_RPGMaker
Tales of Nebezem: Elemental Link	2018	_RPGMaker
Max, an Autistic Journey	2016	_RPGMaker
Harvest Island: Demo	2020	_RPGMaker
Vidar	2017	_RPGMaker
Kill The Dragon	2021	_RPGMaker
Disgraced	2016	_RPGMaker
Wind Child	2016	_RPGMaker
The Perfectionist	2019	_RPGMaker
Close Your Eyes -Anniversary Remake-	2018	_RPGMaker
Verdungo	2020	_RPGMaker
Pax Romana: Romulus	2019	_RPGMaker
Finding Light	2018	_RPGMaker
Rebellion Gaia	2021	_RPGMaker
Sorbetta: Gravely in Debt	2020	_RPGMaker
迅风的米斯特汀 Windy Mystletainn	2021	_RPGMaker
Frigusİnferos	2019	_RPGMaker
RPG Maker MZ	2020	_RPGMaker
Paul's World	2019	_RPGMaker
The Angel Inn	2019	_RPGMaker
Labyrinthine Dreams	2014	_RPGMaker
Machina of the Planet Tree -Planet Ruler-	2015	_RPGMaker
Pale Echoes	2015	_RPGMaker
Crown Champion: Legends of the Arena	2016	_RPGMaker
Winds Rhapsody	2020	_RPGMaker
Restoration	2017	_RPGMaker
The Frosty Leaves 寒叶下的薄冰	2018	_RPGMaker
The Walsingham Files - Chapter 1	2019	_RPGMaker
Sasel RPG	2020	_RPGMaker
Glory by Example	2016	_RPGMaker
Order from Caos	2020	_RPGMaker
Fleshport	2021	_RPGMaker
Mossen Seikkailut	2020	_RPGMaker
Blade of Acrimony	2018	_RPGMaker
Protective Clothing	2020	_RPGMaker
Neckbeardia	2019	_RPGMaker
猜拳为尊	2021	_RPGMaker
A Dark Ice Saga: The Rescue	2020	_RPGMaker
Der einzig wahre Auserwählte	2017	_RPGMaker
Crimson Ranch	2020	_RPGMaker
Vairon's Wrath	2016	_RPGMaker
TITANKIN: Prologue	2021	_RPGMaker
Phantasmata	2019	_RPGMaker
Nobunaga's Shadow	2018	_RPGMaker
アルティメットダンジョン「紅」	2020	_RPGMaker
The Singularity Wish	2018	_RPGMaker
Nemesis - RPG	2021	_RPGMaker
A Conversation With Mister Rabbit	2021	_RPGMaker
四季 The Four Seasons	2019	_RPGMaker
Cursed Dungeon	2021	_RPGMaker
August of August	2020	_RPGMaker
Otome the Exorcist	2020	_RPGMaker
Major\Minor	2016	_RPGMaker
Quest: Escape Room 2	2020	_RPGMaker
Waste Walkers	2015	_RPGMaker
Saint Emiliana	2020	_RPGMaker
Time for Quest	2019	_RPGMaker
Dreamscape	2015	_RPGMaker
Wish Giver 偿愿人	2018	_RPGMaker
Divine Miko Koyori	2020	_RPGMaker
Orogenesis	2018	_RPGMaker
Epic Quest of the 4 Crystals	2015	_RPGMaker
Tears of a Dragon	2017	_RPGMaker
Canvas Quest	2017	_RPGMaker
The Tower of Wowers	2021	_RPGMaker
Overgrown: Genesis	2020	_RPGMaker
Unveil	2016	_RPGMaker
Physical Exorcism: Case 01	2018	_RPGMaker
Gods of Havoc: Into the Void	2019	_RPGMaker
Happy Marriage Project - Starting from 9 years old -	2020	_RPGMaker
Tower Of Heresy	2020	_RPGMaker
An Occasional Dream	2017	_RPGMaker
Snares of Ruin 2	2019	_RPGMaker
莫西比亚岛	2021	_RPGMaker
The Prophecy Lies!	2019	_RPGMaker
Ender Story: Chapter 1	2018	_RPGMaker
Legend of the 9 Swords: Side Story	2019	_RPGMaker
新世勇者传	2019	_RPGMaker
Find The Treasure	2019	_RPGMaker
我的未婚妻	2021	_RPGMaker
Remnants of Isolation	2015	_RPGMaker
Monster Girl Fantasy	2019	_RPGMaker
初颜 - The Prototype	2018	_RPGMaker
Helga: Euphorium's Song	2021	_RPGMaker
Dice and the Tower of the Reanimator: Glorious Princess	2021	_RPGMaker
R.U.B.Y.寻常交织的日常	2019	_RPGMaker
Beyond Dawn	2020	_RPGMaker
The Benza RPG	2020	_RPGMaker
Illness in the East	2020	_RPGMaker
Stitched	2017	_RPGMaker
Rogue Port - Red Nightmare	2016	_RPGMaker
Moonchild	2015	_RPGMaker
随风而逝/Story About Times	2020	_RPGMaker
Evening Starter	2021	_RPGMaker
Mavi's Journey	2018	_RPGMaker
Legends of Iskaria	2017	_RPGMaker
kakusankibou / 扩散希望	2018	_RPGMaker
午餐13	2018	_RPGMaker
My name is human	2021	_RPGMaker
奇幻与砍杀 Fantasy & Blade	2019	_RPGMaker
Eredia: The Diary of Heroes	2018	_RPGMaker
Arvale	2015	_RPGMaker
Dark Elf's Adventure	2019	_RPGMaker
Journey On	2021	_RPGMaker
Yuki's Tale	2019	_RPGMaker
岚零之风 - Wind Horizon	2017	_RPGMaker
The World of Labyrinths: Labyronia	2018	_RPGMaker
Always Sometimes Monsters	2014	_RPGMaker
反抗吧！纯爱战士！	2021	_RPGMaker
Machine Made: Rebirth	2017	_RPGMaker
Millennium 4 - Beyond Sunset	2014	_RPGMaker
Silver Creek Falls - Chapter 2	2015	_RPGMaker
EvilMaze	2016	_RPGMaker
Gone Fireflies	2018	_RPGMaker
Em-A-Li	2020	_RPGMaker
The Legend of Zuri	2020	_RPGMaker
Eternal Liiivie EP2- Hiding in the dark	2021	_RPGMaker
浮生万千之前世今生	2020	_RPGMaker
ARK -the lost fairytale-	2018	_RPGMaker
Monsters of Kanji	2019	_RPGMaker
Deeproot Manor	2020	_RPGMaker
Legend of Moros	2016	_RPGMaker
Secret of the Rendrasha Blade	2021	_RPGMaker
化者天狱 Revenant in the Paradise	2019	_RPGMaker
Ether Awakening	2017	_RPGMaker
Trikumax	2019	_RPGMaker
Savior of Light	2021	_RPGMaker
Cope Island: Adrift	2019	_RPGMaker
Happy Bones	2021	_RPGMaker
Metal Quest	2017	_RPGMaker
Fantasy Realm: A Land Torn Asunder	2018	_RPGMaker
Shattered Worlds	2020	_RPGMaker
小邦迪的奇妙冒险	2021	_RPGMaker
学院逃生	2021	_RPGMaker
Obligation	2019	_RPGMaker
Tuneria	2020	_RPGMaker
La Aventura De Axel	2017	_RPGMaker
Looking Back	2019	_RPGMaker
Dungeon Crawler Daniel	2021	_RPGMaker
Obsolete Souls™	2020	_RPGMaker
蕾米的挑战	2021	_RPGMaker
FIL	2020	_RPGMaker
The Throne of Bernicia	2021	_RPGMaker
TRACHI	2021	_RPGMaker
Minotaur Maze	2021	_RPGMaker
The Last Sin	2021	_RPGMaker
Rumia in the darkness	2019	_RPGMaker
Legend of GBC Tycoon	2019	_RPGMaker
Mercury: Cascade into Madness	2017	_RPGMaker
Achievement Lurker: Dad Jokes	2017	_RPGMaker
贫穷少年与校园名人的生死对决	2019	_RPGMaker
Empty Soul - S&S Edition	2016	_RPGMaker
Strangers of the Power	2017	_RPGMaker
Ashes of Immortality	2015	_RPGMaker
Super Dungeon Master Ace	2017	_RPGMaker
The Brink 尘与土的边缘	2018	_RPGMaker
Scars of Summer	2021	_RPGMaker
Roguelite 2	2020	_RPGMaker
Stargazer Christmas	2016	_RPGMaker
Shanghai1920	2021	_RPGMaker
Ellen and the Degenerates RPG	2019	_RPGMaker
Derange	2020	_RPGMaker
Drumpf: Rise Up, Libertonia!	2018	_RPGMaker
Framed Wings	2016	_RPGMaker
One Night	2018	_RPGMaker
Actual Sunlight	2014	_RPGMaker
Princess escape	2021	_RPGMaker
Hentai Sherlock	2021	_RPGMaker
Mari and the Black Tower	2017	_RPGMaker
Azurael's Circle: Chapter 3	2018	_RPGMaker
Mistero a Villa MilaFlora	2019	_RPGMaker
Amora	2018	_RPGMaker
Slave's Sword	2018	_RPGMaker
Bleeding Knife	2018	_RPGMaker
Final Battle	2018	_RPGMaker
Kabukicho Story	2020	_RPGMaker
Labyronia RPG 2	2015	_RPGMaker
Take the Dream IX	2016	_RPGMaker
Ashmedai: Queen of Lust	2020	_RPGMaker
A Timely Intervention	2017	_RPGMaker
DashBored	2016	_RPGMaker
Tales Across Time	2016	_RPGMaker
Silent dream	2021	_RPGMaker
Millennium 2 - Take Me Higher	2014	_RPGMaker
Succubus Connect	2021	_RPGMaker
三国游侠志	2018	_RPGMaker
拯救大魔王2 Rescue the Great Demon 2	2016	_RPGMaker
Azurael's Circle: Chapter 2	2018	_RPGMaker
The Albino Hunter™ (Original)	2015	_RPGMaker
ShyChess	2018	_RPGMaker
Ludu	2016	_RPGMaker
Killing Time	2017	_RPGMaker
MonsterxMan: Inheritance To Lust	2018	_RPGMaker
Clandestinity of Elsie	2015	_RPGMaker
Room 40	2019	_RPGMaker
Cubicle Quest	2015	_RPGMaker
Captain Hannon - The Belanzano	2020	_RPGMaker
The Book of Shadows	2021	_RPGMaker
Space Fox Kimi	2018	_RPGMaker
Mark After Dark	2017	_RPGMaker
Madness Fantasy	2020	_RPGMaker
Echoed Memories	2021	_RPGMaker
Scarred Stars: Traumatic Edition	2021	_RPGMaker
Tranquil Garden	2020	_RPGMaker
Soma Union	2021	_RPGMaker
王国英雄志 Kingdom and hero	2021	_RPGMaker
BoX -containment-	2016	_RPGMaker
The Goracle	2018	_RPGMaker
Renegade Grounds: Episode 2	2019	_RPGMaker
Stories In Stone	2018	_RPGMaker
Home: A Quarantine Story	2020	_RPGMaker
答题英雄——细胞生物学	2019	_RPGMaker
Bloody Ending	2020	_RPGMaker
Redemption: Tyranny of Daetorem	2018	_RPGMaker
Cold Winter Morning	2020	_RPGMaker
Broken Ties	2018	_RPGMaker
Oracle of Forgotten Testament	2018	_RPGMaker
王国幻境	2020	_RPGMaker
Dawn's Light 2	2016	_RPGMaker
RpgEra	2019	_RPGMaker
Tren0	2018	_RPGMaker
Crudelis	2016	_RPGMaker
Opaline	2017	_RPGMaker
Fragments	2021	_RPGMaker
Mira and the Mysteries of Alchemy	2020	_RPGMaker
Close Me	2017	_RPGMaker
The Disguiser Of Fate	2019	_RPGMaker
触尾少女	2021	_RPGMaker
Desolate City: The Bloody Dawn Enhanced Edition	2019	_RPGMaker
Dark and Bright	2017	_RPGMaker
Hedera	2020	_RPGMaker
Crisis of the Middle Ages	2019	_RPGMaker
羅斯之旅 Roce's Journey	2020	_RPGMaker
Dungeon Quest	2018	_RPGMaker
Mix-Sign: Girl with 3 Signs	2020	_RPGMaker
Воин Хинора	2019	_RPGMaker
Leviathan ~A Survival RPG~	2018	_RPGMaker
Obscurite Magie: The City of Sin	2021	_RPGMaker
Split Of Knight	2017	_RPGMaker
Achievement Lurker: Easiest Cosmetic Numbers	2018	_RPGMaker
Last Dream: World Unknown	2017	_RPGMaker
Psychic Guardian Super Splendor	2021	_RPGMaker
The Curse of Kubel	2020	_RPGMaker
Miss Lisette's Assassin Maid	2019	_RPGMaker
Reverie - A Heroes Tale	2018	_RPGMaker
星月之歌	2021	_RPGMaker
Labyronia RPG	2015	_RPGMaker
中年失业模拟器When a man lose his job	2021	_RPGMaker
酒店 The Hotel	2018	_RPGMaker
Hard Love - Darkest Desire	2019	_RPGMaker
Seven Mysteries: The Last Page	2018	_RPGMaker
Country Girl Keiko	2020	_RPGMaker
Achievement Lurker: Respectable Accomplishment	2017	_RPGMaker
Dude Cops	2018	_RPGMaker
Sanctus Mortem	2018	_RPGMaker
Fated Souls 2	2016	_RPGMaker
Cross of Auria	2018	_RPGMaker
Villager's Biography	2018	_RPGMaker
Orangeblood	2020	_RPGMaker
Millennium - A New Hope	2014	_RPGMaker
Disillusion	2021	_RPGMaker
Reformers Intl Ver	2018	_RPGMaker
Storm of Spears	2016	_RPGMaker
Case 00: The Cannibal Boy	2020	_RPGMaker
Kate's Test	2018	_RPGMaker
Pixel Art Hentai Trap Hot Spring	2019	_RPGMaker
Fleeting Iris	2021	_RPGMaker
星月之歌2	2021	_RPGMaker
Bleeding Moons	2020	_RPGMaker
The Marionette 提线木偶	2021	_RPGMaker
Pulut Adventure RPG	2020	_RPGMaker
The Walsingham Files - Chapter 2	2019	_RPGMaker
孤胆惊魂2：消失的207（Fear 2: The Disappeared 207）	2021	_RPGMaker
Malatzshia	2017	_RPGMaker
Tower of the Alchemist	2019	_RPGMaker
F8S	2019	_RPGMaker
Card of spirits	2016	_RPGMaker
Aveyond 3-4: The Darkthrop Prophecy	2015	_RPGMaker
De'Vine: World of Shadows	2018	_RPGMaker
拯救大魔王:重生 Falsemen: Rebirth	2019	_RPGMaker
橙天の銀翼　～スカイランドの魔女と巫女～	2018	_RPGMaker
Faylinn's Quest	2021	_RPGMaker
Space Detective Sara	2021	_RPGMaker
Master vs Slave	2020	_RPGMaker
Simgirls: Lovemore College RPG	2019	_RPGMaker
Toby's Island	2019	_RPGMaker
Toymaker	2017	_RPGMaker
リアリティ×マインズ	2021	_RPGMaker
Slave Application	2021	_RPGMaker
The Prince of Landis	2021	_RPGMaker
Beer, Babes and Dragons	2017	_RPGMaker
Тридевятые земли(Свет или тьма)	2018	_RPGMaker
Finding A Prince: The Game	2021	_RPGMaker
LV99: Final Fortress	2020	_RPGMaker
Book of Eos	2019	_RPGMaker
Mystic Ruins	2018	_RPGMaker
Elpida: Crônicas de uma guerreira	2019	_RPGMaker
ANCRA	2021	_RPGMaker
Harmony of the bravest	2018	_RPGMaker
tia.sav	2019	_RPGMaker
Psicose?	2020	_RPGMaker
Clarevoyance	2020	_RPGMaker
Don't Go into the Woods	2019	_RPGMaker
Paradigm Shift	2021	_RPGMaker
Destiny of a Wizard	2017	_RPGMaker
The End of Labyronia: Nerubis	2020	_RPGMaker
Path of Vidya	2021	_RPGMaker
Lotharus - Bacon, Ale & Repeat	2020	_RPGMaker
Detective Failure	2018	_RPGMaker
Talsaluq: Tower of Infinity	2017	_RPGMaker
Beatitas	2020	_RPGMaker
Azurael’s Circle: Chapter 5	2021	_RPGMaker
Ball Partner	2021	_RPGMaker
Magical Valkyrie Lyristia	2021	_RPGMaker
Achievement Lurker: Another one bites the dust	2018	_RPGMaker
City of Chains	2015	_RPGMaker
NALOGI 2	2018	_RPGMaker
World of Islands - Treasure Hunt	2018	_RPGMaker
Fallen valiant-Loopy	2019	_RPGMaker
Strip Card Duel	2020	_RPGMaker
Korvux	2019	_RPGMaker
Hyacinthus	2019	_RPGMaker
Please Love My Computer Game	2018	_RPGMaker
Survive in Angaria	2018	_RPGMaker
Succubus Farm	2021	_RPGMaker
Samsa and the Knights of Light	2015	_RPGMaker
Crimson Colosseum	2021	_RPGMaker
四圣传说之黑暗森林	2019	_RPGMaker
奇幻与砍杀 Fantasy & Blade Ⅱ	2019	_RPGMaker
LoliTower	2019	_RPGMaker
The diary of the cheating young married woman, Yuka	2019	_RPGMaker
Oswald's Adventure	2017	_RPGMaker
Colony Prospector	2018	_RPGMaker
Orphan of the Petal	2019	_RPGMaker
桃夭塔 Taoyaota	2021	_RPGMaker
Artifact Adventure	2015	_RPGMaker
Palladise Island	2021	_RPGMaker
Futanari Quest	2021	_RPGMaker
Hero of the Demon	2021	_RPGMaker
Quest: Escape Room 3	2021	_RPGMaker
Cumming Hotel - A Gay Furry Slice of Life	2020	_RPGMaker
Fake Happy End	2017	_RPGMaker
Save the Universe, Please!	2016	_RPGMaker
Wolf's Fury	2019	_RPGMaker
Academy Quest	2021	_RPGMaker
The Legend of Protey	2018	_RPGMaker
Birthright Cataclysm - Overture	2020	_RPGMaker
Yukinas Diary	2019	_RPGMaker
Diaperquest 2055	2018	_RPGMaker
Azurael's Circle: Chapter 4	2019	_RPGMaker
逃出图书馆(Escape from Library)	2020	_RPGMaker
Euclyca	2021	_RPGMaker
Magical girl Noble Rose	2021	_RPGMaker
The Bell Chimes for Gold	2018	_RPGMaker
Bacon Quest - Lovers' Beef Special Edition	2020	_RPGMaker
The Longest Love	2019	_RPGMaker
天虹书店 Tian Hong Bookstore	2021	_RPGMaker
Killer Gin	2020	_RPGMaker
Roguelite	2018	_RPGMaker
神谋	2019	_RPGMaker
Prism Collider	2017	_RPGMaker
Anonymous Agony: File #1 - Contamination	2019	_RPGMaker
cat notebook	2019	_RPGMaker
Where are my Internets?	2016	_RPGMaker
Ladra	2015	_RPGMaker
Chevo Lurker: Exodus	2017	_RPGMaker
Gladiator Trainer	2016	_RPGMaker
Selenophobia	2018	_RPGMaker
Introvert Quest	2017	_RPGMaker
White Pearl	2017	_RPGMaker
Princess Serena ~Raid of Demon Legion~	2017	_RPGMaker
Evil Maze 2	2019	_RPGMaker
DRINK BAR MAID -REGRESSION-	2021	_RPGMaker
Vindictive Drive	2017	_RPGMaker
Vagrant Hearts	2015	_RPGMaker
Tragedy of Loneliness	2020	_RPGMaker
Shining Plume 2	2017	_RPGMaker
The Twins	2020	_RPGMaker
Tsugunohi	2021	_RPGMaker
Project "Fire"	2016	_RPGMaker
Hotel Anatolia	2017	_RPGMaker
下一层的封魔塔 Forever War	2019	_RPGMaker
Natari at the Bubble Planet	2017	_RPGMaker
Fortress of Hell	2019	_RPGMaker
Dunmakia Kingdom	2020	_RPGMaker
Abyssal Agent Alyss	2020	_RPGMaker
GALER: Plague of Heroes	2017	_RPGMaker
Image of Perfection	2019	_RPGMaker
惑星游侠-Planet Rogue	2021	_RPGMaker
Rebirth	2020	_RPGMaker
Monster Academy	2021	_RPGMaker
RetroBound	2020	_RPGMaker
Solenars Edge II: Aurora of The Seventh Dawn	2020	_RPGMaker
Fear Of The Dark	2020	_RPGMaker
闇行者 Dark Xingzer	2019	_RPGMaker
Chinomikon	2017	_RPGMaker
Unlikely Heroes	2021	_RPGMaker
Karakuri-kun: A Japanese Tale	2021	_RPGMaker
100-Level Dungeon	2020	_RPGMaker
Eyes of The Mirror	2020	_RPGMaker
Torn Familjen	2017	_RPGMaker
Shattering Obsidian	2020	_RPGMaker
白玉的幻梦	2021	_RPGMaker
Toilet Paper War	2021	_RPGMaker
Inzo	2018	_RPGMaker
Second Chance	2020	_RPGMaker
Legacy of Vane	2021	_RPGMaker
Space Zombies Invasion	2018	_RPGMaker
失落的地下城 Lost Dungeon	2019	_RPGMaker
生物知识格斗大赛	2019	_RPGMaker
Obscure Doubt	2019	_RPGMaker
Content Creator's Internet Adventure	2021	_RPGMaker
Aurora	2018	_RPGMaker
Intergalactic traveler: The Omega Sector	2017	_RPGMaker
Hero Staff	2019	_RPGMaker
Meditation 2 ~ Wisdom and Christian Art	2020	_RPGMaker
Maze Quest 1: The Forest	2018	_RPGMaker
Meditation 3 ~ Sophia Code	2020	_RPGMaker
Valiant: Resurrection	2015	_RPGMaker
Marle: The Labyrinth of the Black Sea	2019	_RPGMaker
魔物娘捕获大陆	2021	_RPGMaker
Asura Valley	2018	_RPGMaker
Escape from Fortress Lugohm	2019	_RPGMaker
三国英雄列传 (Legendary Heros in the Three Kingdoms)	2018	_RPGMaker
Grimoire Chronicles	2017	_RPGMaker
Ordeal of Princess Eris	2019	_RPGMaker
William's Love Prelude	2020	_RPGMaker
Kinkshamed	2018	_RPGMaker
曙光之诗	2020	_RPGMaker
A Plunge into Darkness	2020	_RPGMaker
Heroes of Shaola	2019	_RPGMaker
The Legend of Monster Mountain	2018	_RPGMaker
Japanese Romaji Adventure	2020	_RPGMaker
Pegasus: Broken Wings	2021	_RPGMaker
Lamia's Plan	2021	_RPGMaker
Atonement 2: Ruptured by Despair	2016	_RPGMaker
Journey to Luonto	2017	_RPGMaker
MEMENTO	2016	_RPGMaker
Where They Cremate The Roadkill	2017	_RPGMaker
Atonement: Scourge of Time	2015	_RPGMaker
Coming down in the world of a battle nation RPG "Kunoichi Akane"	2020	_RPGMaker
Vampire Martina-Bloody Day 228	2020	_RPGMaker
A.I-記憶女神	2020	_RPGMaker
打工人：美香	2021	_RPGMaker
Advent Crossroad	2021	_RPGMaker
Kedemara - The Orphan's Ballad	2019	_RPGMaker
Adventures of Isabelle Fine: Murder on Rails	2019	_RPGMaker
FinalAdventure	2019	_RPGMaker
Proven: A Math RPG	2020	_RPGMaker
Sometimes Always Monsters	2020	_RPGMaker
BegieAde ~a lyric of lie and retribution~	2020	_RPGMaker
Choose Wisely	2018	_RPGMaker
Achievement Lurker: We Give Up!	2018	_RPGMaker
东方剑姬在西方旅行的故事	2020	_RPGMaker
Blood price	2020	_RPGMaker
an Orc's Tale: Kriegsruf	2021	_RPGMaker
Origin Of Destiny: Crimson Awakening	2016	_RPGMaker
Otaku's Fantasy 2	2018	_RPGMaker
Yukie: A Japanese Winter Fairy Tale	2017	_RPGMaker
冒险的路上总在为爱鼓掌	2021	_RPGMaker
封神榜 伏魔三太子（重制版）	2021	_RPGMaker
Antadin DX	2020	_RPGMaker
Last Heroes	2015	_RPGMaker
A Princess of Fallen Kingdom	2021	_RPGMaker
九霄仙阙	2019	_RPGMaker
Slave's Sword 2	2019	_RPGMaker
Blood 'n Bikinis	2018	_RPGMaker
境界 Dice&Fighter	2019	_RPGMaker
Stargazer	2015	_RPGMaker
Cherry Tree High I! My! Girls!	2014	_RPGMaker
Tower of Origin 2-Worm's Nest	2021	_RPGMaker
Edolie	2015	_RPGMaker
Amihailu in Dreamland	2016	_RPGMaker
The Sacred Tears TRUE	2014	_RPGMaker
Watson's Watch	2016	_RPGMaker
Murgles	2019	_RPGMaker
解梦事物所	2019	_RPGMaker
Achievement Lurker: Ballad of the Shimapan Warrior - King of Panties	2018	_RPGMaker
Our Love Will Grow	2015	_RPGMaker
THE WARRIORLOCK	2018	_RPGMaker
降妖神兵	2020	_RPGMaker
1vs1: Battle Royale for the throne	2019	_RPGMaker
Infinity Saga	2016	_RPGMaker
Ino	2017	_RPGMaker
Extravaganza Rising	2016	_RPGMaker
Rogue Port - Blue Nightmare	2017	_RPGMaker
NVL	2017	_RPGMaker
Trix and the Horny Tower	2021	_RPGMaker
Hate Free Heroes RPG 3.0	2017	_RPGMaker
Aplestia	2018	_RPGMaker
[NTRPG] Wife Punishment 妻子的惩罚!!~风情客栈的公交车~	2020	_RPGMaker
MINE	2020	_RPGMaker
Koikoi	2018	_RPGMaker
Souls Lore	2020	_RPGMaker
焚魂之梦	2021	_RPGMaker
二狗子历险记	2021	_RPGMaker
It's Six Random Characters and a Single Floor Dungeon, That's the Whole Game	2020	_RPGMaker
Chronicle of Daneya	2020	_RPGMaker
Selatria: Advent of the Dakk'rian Empire	2017	_RPGMaker
Void Monsters: Spring City Tales	2018	_RPGMaker
Defenders of Tetsoidea II	2017	_RPGMaker
Melancholy Republic	2018	_RPGMaker
IronBorn	2018	_RPGMaker
Achievement Lurker: You are going to have to work for these nuts	2018	_RPGMaker
Daughter of Essence	2021	_RPGMaker
Zefira	2020	_RPGMaker
Final Warrior Quest	2018	_RPGMaker
Typical Cliche	2020	_RPGMaker
Dear RED - Extended	2016	_RPGMaker
Jack the Barbarian	2018	_RPGMaker
Dark Hero Party	2020	_RPGMaker
ばるばろっさ! ～すすめ? 赤軍少女旅団～(全年齢版)	2018	_RPGMaker
Survival on Amazonia	2021	_RPGMaker
Succubus Hotel	2020	_RPGMaker
Veronica's Body	2021	_RPGMaker
Bara Giants	2021	_RPGMaker
Renegade Tabletop Tools System	2017	_RPGMaker
The First Time I Died	2017	_RPGMaker
Tales of Esferia: Araxis	2020	_RPGMaker
Hippoboar Rancher	2020	_RPGMaker
Path of the Martyrs	2020	_RPGMaker
Jack Hayes: The Lazarus Sign	2020	_RPGMaker
Tales of Mahabharata	2018	_RPGMaker
Alone	2021	_RPGMaker
Magical Stock Princess	2020	_RPGMaker
天牢 -Tianlao Sokoban-	2021	_RPGMaker
NO LOVE	2019	_RPGMaker
Lantern of Worlds - The First Quest	2018	_RPGMaker
Heart of Dixie	2018	_RPGMaker
Candera: The Forgotten Realm	2019	_RPGMaker
Delve	2018	_RPGMaker
Horizon Odyssey	2020	_RPGMaker
Il Sole e la Luna	2019	_RPGMaker
CarsFuckingDragons	2021	_RPGMaker
Teragard	2019	_RPGMaker
Suki's Spooky Romance	2018	_RPGMaker
The Light of Summer	2021	_RPGMaker
Weatherworn: The Adventure of Pap & Pup	2021	_RPGMaker
Tales From Evenfall	2020	_RPGMaker
The Winter's Deal - Frosty Edition	2019	_RPGMaker
Tale of Alamar	2018	_RPGMaker
深渊	2021	_RPGMaker
Half Blood RPG	2020	_RPGMaker
American Farmer	2018	_RPGMaker
Disaster crisis	2021	_RPGMaker
The Last Promise	2019	_RPGMaker
邪恶勇者	2021	_RPGMaker
Untitled Video Game	2020	_RPGMaker
Storynth	2020	_RPGMaker
The Long Journey to Farewell	2021	_RPGMaker
Cupcake: an Apartment Adventure	2020	_RPGMaker
Mystic Ruin: A New Dawn	2020	_RPGMaker
魔法考核冒险	2020	_RPGMaker
Heaven's Voice Feast of Famine	2019	_RPGMaker
Destiny of a Wizard 2: Beyond the Vale	2018	_RPGMaker
Requiem Aeternam Eden	2020	_RPGMaker
Champions	2019	_RPGMaker
Trapped	2018	_RPGMaker
Heroes of Xanfurth	2021	_RPGMaker
Detective Gman	2021	_RPGMaker
Whiskers & Tail	2020	_RPGMaker
MODERN ROAD-LIKE	2018	_RPGMaker
Memories of a Vagabond Demo	2014	_RPGMaker
Labyronia Elements	2017	_RPGMaker
Dungeons of Betrayal	2019	_RPGMaker
Dark Side of Fate	2021	_RPGMaker
在这个世界的尽头，你与我被遗忘的传说（in the world end, you and me the forget's legend）	2019	_RPGMaker
The Book of Legends	2014	_RPGMaker
Spheria's Familiar	2021	_RPGMaker
Quest: Escape Room	2020	_RPGMaker
Sexy Heroine!	2019	_RPGMaker
The Amazing Adventures of Ash - Afterparty	2016	_RPGMaker
アルカナリッター	2017	_RPGMaker
Room 42	2017	_RPGMaker
Devils Gold	2021	_RPGMaker
ECHORIA: Ancient Echoes	2019	_RPGMaker
Shining Orb Prequel	2018	_RPGMaker
The Babysitter	2021	_RPGMaker
soul room	2019	_RPGMaker
Black Home	2015	_RPGMaker
AV Company	2021	_RPGMaker
Last Heroes 3	2016	_RPGMaker
Explorers of the Abyss	2021	_RPGMaker
Lisa and the Grimoire	2021	_RPGMaker
Aveyond 3-3: The Lost Orb	2015	_RPGMaker
De'Vine: Card Battles	2019	_RPGMaker
Haeven	2016	_RPGMaker
Siluman Fantasy	2019	_RPGMaker
Terra Incognita ~ Chapter One: The Descendant	2015	_RPGMaker
Adventures of Tara	2020	_RPGMaker
Miracle Circus 奇迹马戏团	2018	_RPGMaker
Monster Girl Fantasy 2: Exposed	2021	_RPGMaker
Coffee Crawl	2018	_RPGMaker
Sokoban: The RPG	2018	_RPGMaker
Start! Heart Thief！	2020	_RPGMaker
Fantasy Heroes	2019	_RPGMaker
Trapped Summoner	2017	_RPGMaker
Fateholders of Tetsoidea	2017	_RPGMaker
雪疑	2019	_RPGMaker
Era of Miracles	2019	_RPGMaker
The Battles of Spwak 3	2019	_RPGMaker
Aveyond 3-1: Lord of Twilight	2014	_RPGMaker
Avaria: Chains of Lust	2020	_RPGMaker
Celestial Tear: Demon's Revenge	2015	_RPGMaker
Romancing Monarchy	2018	_RPGMaker
The Forgotten Forest	2015	_RPGMaker
Codex Temondera: Lost Vision	2019	_RPGMaker
Wolfsong	2016	_RPGMaker
I Am Caligula	2016	_RPGMaker
You... and who else?	2017	_RPGMaker
Last Heroes 2	2016	_RPGMaker
Hoven the Sages Spinel	2015	_RPGMaker
Prank!	2021	_RPGMaker
Silver Creek Falls - Chapter 3	2016	_RPGMaker
Below Sunshade	2019	_RPGMaker
The Summoning	2019	_RPGMaker
Princess Daphne and the Orcs	2021	_RPGMaker
ikenie	2016	_RPGMaker
Relics of ancestors	2021	_RPGMaker
Dragonward	2018	_RPGMaker
LOA : Me And Angel	2018	_RPGMaker
Humble Abode	2017	_RPGMaker
Soul-Ivy: C0	2018	_RPGMaker
Dragon's Vengeance	2021	_RPGMaker
Super Crystal Hunter	2020	_RPGMaker
Der Blaue Diamant	2021	_RPGMaker
M.E.M.E.S.	2019	_RPGMaker
Emperium	2021	_RPGMaker
Detective Story	2021	_RPGMaker
Heroes of Legionwood	2015	_RPGMaker
问道仙途	2020	_RPGMaker
Incitement 3	2015	_RPGMaker
Subterra	2017	_RPGMaker
Demon Lord Jill -REVIVAL-	2021	_RPGMaker
Lucid Awakening 2	2015	_RPGMaker
Enthrean Radiance : Prologue	2020	_RPGMaker
I Have Low Stats But My Class Is "Leader", So I Recruited Everyone I Know To Fight The Dark Lord	2019	_RPGMaker
Tales of Nebezem RPG: Red Peril	2019	_RPGMaker
A Nova Califórnia	2017	_RPGMaker
Dark Flowers	2021	_RPGMaker
Unknown	2019	_RPGMaker
Decaying Delicacy	2021	_RPGMaker
AI Escort	2018	_RPGMaker
Solenars Edge Rebirth	2017	_RPGMaker
Cage of the Succubi	2019	_RPGMaker
Valcarta: Rise of the Demon	2016	_RPGMaker
Phantom Thief Sylphy	2021	_RPGMaker
Time Stop RPG Wool Avanture	2020	_RPGMaker
Parking Cop Simulator	2017	_RPGMaker
Choice or Fate	2019	_RPGMaker
The Brink 尘与土	2019	_RPGMaker
Shu's Misfortune	2020	_RPGMaker
Lust Vessel	2020	_RPGMaker
GIRAL	2018	_RPGMaker
Dreams of Greatness	2018	_RPGMaker
Crimson Light	2018	_RPGMaker
Yes Brother	2020	_RPGMaker
Save Your Mother	2015	_RPGMaker
Ninja Stealth 2	2017	_RPGMaker
After The End: The Harvest	2017	_RPGMaker
Unforgiving Trials: The Darkest Crusade	2016	_RPGMaker
Fated Souls 3	2017	_RPGMaker
Mythos: The Beginning	2014	_RPGMaker
Chronicles of a Dark Lord: Episode 1 Tides of Fate Complete	2014	_RPGMaker
Meta Revelations - Ring Spirits	2019	_RPGMaker
Data Hacker: Initiation	2014	_RPGMaker
Simple Story - Alex	2018	_RPGMaker
AZURA	2017	_RPGMaker
Tales of the Elements	2016	_RPGMaker
YATB：You Are The Best - Egypt Chapter	2020	_RPGMaker
The Sun Never Sets	2017	_RPGMaker
Wing of Misadventure	2020	_RPGMaker
The Cage 笼	2018	_RPGMaker
False Shelter	2017	_RPGMaker
Lilly and Sasha: Nexus of Souls	2015	_RPGMaker
Story of the Survivor : Prisoner	2017	_RPGMaker
Lord of the Seal	2016	_RPGMaker
Bubble Tea : game for thinking and imagination	2020	_RPGMaker
Solenars Edge Heroes	2018	_RPGMaker
Celia's Quest	2015	_RPGMaker
Finding Hope	2017	_RPGMaker
Clouds of Rain	2020	_RPGMaker
Shadows and Lies	2019	_RPGMaker
LONER	2021	_RPGMaker
シニサギ	2019	_RPGMaker
Olav: the story of one boy	2017	_RPGMaker
GabeN: The Final Decision	2015	_RPGMaker
江湖行	2021	_RPGMaker
Detective Story: Reporter	2021	_RPGMaker
The Legend of Bean	2017	_RPGMaker
Mythic Victory Arena	2016	_RPGMaker
Ashes of Kanaka	2017	_RPGMaker
Paladin Dream	2021	_RPGMaker
reD:起始的旋转之音	2019	_RPGMaker
Gothic 1881	2020	_RPGMaker
Sanguine Melancholia	2020	_RPGMaker
Fenrir's Prelude	2021	_RPGMaker
MIND SWITCH	2019	_RPGMaker
Trapped on Monster Island	2019	_RPGMaker
Chosen 2	2017	_RPGMaker
PROTEST	2018	_RPGMaker
Millennium 5 - The Battle of the Millennium	2014	_RPGMaker
扶搖直上	2020	_RPGMaker
Existential Kitty Cat RPG	2018	_RPGMaker
The Monster	2018	_RPGMaker
Cavern of Time	2017	_RPGMaker
Lost Legend	2018	_RPGMaker
Dreams of an Exile	2021	_RPGMaker
Vampire Slave	2021	_RPGMaker
パトルの軍事博物館３ 超絶無敵究極兵器	2021	_RPGMaker
Labyrinth Hearts	2021	_RPGMaker
Record of Battle 3D Maiden Wars	2020	_RPGMaker
Dragon Iris	2019	_RPGMaker
Stay Woke Etheral Edition	2017	_RPGMaker
青の镇物语	2021	_RPGMaker
Skyfall	2021	_RPGMaker
World of Voidia（虚亚世界）	2020	_RPGMaker
7 Pillars	2017	_RPGMaker
Isekai: Reincarnation in a New World	2020	_RPGMaker
The Witch Doctor	2021	_RPGMaker
FARIA: Starfall	2017	_RPGMaker
Elixir of Life	2021	_RPGMaker
Playing Both Sides	2019	_RPGMaker
ZombieOrNotZombie	2019	_RPGMaker
Maze Banquet	2021	_RPGMaker
Bookers: Underground Chapter	2018	_RPGMaker
漫步者 The Walker	2019	_RPGMaker
梦落凡尘	2021	_RPGMaker
The Cruxis Sword	2019	_RPGMaker
The Village Story	2020	_RPGMaker
Elevator Ritual	2018	_RPGMaker
WWII英雄列伝 最強の虎　クルト・クニスペル	2017	_RPGMaker
Reverse Fantasy Legend 2 逆袭幻想传2	2019	_RPGMaker
Corpse Mansion	2021	_RPGMaker
Keys	2018	_RPGMaker
ギャルモンフォークロア～ 女の子モンスターがいっぱい! ～	2020	_RPGMaker
She Salutes	2020	_RPGMaker
Garenburg Woods	2021	_RPGMaker
たたかえ！ハルモニア音楽隊	2021	_RPGMaker
What's Left	2020	_RPGMaker
Fantasy Heroes 2	2020	_RPGMaker
A Day in the Life of Maria	2019	_RPGMaker
The protectors of Deya	2020	_RPGMaker
Quirky Crystal RPG	2019	_RPGMaker
Misery Street	2021	_RPGMaker
依澪	2020	_RPGMaker
Blood of the Alchemists	2021	_RPGMaker
HABITKING RPG	2019	_RPGMaker
L'Cestrue Seyuntres	2020	_RPGMaker
Death To The Dragon Lord	2019	_RPGMaker
Fado	2019	_RPGMaker
Our Journeys ~ A Collection of Visual Novels	2020	_RPGMaker
Fabrication	2020	_RPGMaker
Exvelten	2021	_RPGMaker
Adventures of Sadukar - Chapter I	2020	_RPGMaker
Encounter the Light / 邂逅光明	2021	_RPGMaker
Hidden Life	2018	_RPGMaker
Sword of Paladin RE	2021	_RPGMaker
The Gurion Mountains	2020	_RPGMaker
Night Rogue	2020	_RPGMaker
The Shenanigans of Cherry and Trix	2019	_RPGMaker
Luna Sanctus	2019	_RPGMaker
Anti-Science Brigade	2021	_RPGMaker
寻书人 Book Seeker	2019	_RPGMaker
Our Journeys 2 ~ A Collection of Visual Novels	2020	_RPGMaker
Ultimate Legends	2018	_RPGMaker
Empty Handed	2017	_RPGMaker
Crônicas de Landulph	2020	_RPGMaker
虚幻深渊 The Illusory abyss	2019	_RPGMaker
The Final Days: Eternal Night	2017	_RPGMaker
QUIZxRPG	2021	_RPGMaker
Il Sole e la Luna 2	2019	_RPGMaker
Dalruan: World of Magic	2021	_RPGMaker
Detention Club: School's Out	2021	_RPGMaker
To Kill A King	2021	_RPGMaker
Draconic Echoes: The Ardent War	2019	_RPGMaker
Tiktalec And The Dino Moonbase	2020	_RPGMaker
Salvation in Corruption	2017	_RPGMaker
24世纪后	2021	_RPGMaker
Pocket Mina	2021	_RPGMaker
Dumb Roguelike-like RPG	2020	_RPGMaker
Sky Realm: Essences	2019	_RPGMaker
Robot Female Hero 1	2019	_RPGMaker
PsyOps Solutions	2019	_RPGMaker
Be Coronavirus	2020	_RPGMaker
Bob Wants to Go Home	2020	_RPGMaker
DW	2021	_RPGMaker
酔いどれクイズshow 標鍛	2019	_RPGMaker
Crusade of Deitra	2021	_RPGMaker
The Astrolarix	2019	_RPGMaker
御寇三世：星图	2021	_RPGMaker
Summer Knights	2019	_RPGMaker
Pythagorean Complex	2020	_RPGMaker
Saiku's Endless Labyrinth	2020	_RPGMaker
Nigel: The Minuscule Adventure	2019	_RPGMaker
Battle of the Boros	2019	_RPGMaker
Maze Quest 2: The Desert	2019	_RPGMaker
Victim of Xen	2014	_RPGMaker
Naked News	2020	_RPGMaker
Beyond Magic	2017	_RPGMaker
Nightmare Of Melanie 梅兰妮的噩梦	2018	_RPGMaker
Star Merc	2017	_RPGMaker
Girls and Dungeons	2017	_RPGMaker
Crimson Sword Saga: The Peloran Wars	2017	_RPGMaker
Hope for City	2019	_RPGMaker
Outrage	2016	_RPGMaker
Sleeping Beauty	2020	_RPGMaker
Lantern of Worlds	2017	_RPGMaker
The Ino Chronicles: Ascension	2018	_RPGMaker
Prelude for a Dream	2017	_RPGMaker
Hyperborea	2019	_RPGMaker
The Princess' Heart	2015	_RPGMaker
Boobs vs Zombies	2019	_RPGMaker
The Ghosts of Hackney Mills	2017	_RPGMaker
Blind Girl	2019	_RPGMaker
Tkl Online	2015	_RPGMaker
Bad Note 破碎的笔记	2018	_RPGMaker
農場ダンジョンRPG ファームダンジョンズ	2021	_RPGMaker
血潭江湖百里荣	2020	_RPGMaker
Wanda	2016	_RPGMaker
Aveyond 3-2: Gates of Night	2014	_RPGMaker
Unforgiving Trials: The Space Crusade	2016	_RPGMaker
Brass Town Wrestling	2020	_RPGMaker
President Pig	2018	_RPGMaker
Lamia Must Die	2015	_RPGMaker
Threads of Destiny	2015	_RPGMaker
The King's Heroes	2017	_RPGMaker
A Princess' Tale	2016	_RPGMaker
Jade's Journey	2016	_RPGMaker
Crimson Memories	2017	_RPGMaker
Noble Woman's Pastries	2019	_RPGMaker
Slave Girl Reno	2019	_RPGMaker
Quintaesencia	2021	_RPGMaker
Chaos Dream: Retribution	2019	_RPGMaker
The Falling Tower	2020	_RPGMaker
Surrounded by mice	2019	_RPGMaker
Spider shooting bee	2019	_RPGMaker
A Nerd who has sex with girls in "Another world" has become a HERO	2021	_RPGMaker
Unhappy Ever After	2017	_RPGMaker
Reign of the Succubus	2019	_RPGMaker
Blood Ties	2016	_RPGMaker
Nightingale Downs	2017	_RPGMaker
摆渡人生	2019	_RPGMaker
Elendia Ceus	2019	_RPGMaker
Oceanum Mortis	2019	_RPGMaker
Endurance	2018	_RPGMaker
守护传说	2019	_RPGMaker
Adventures of Dragon	2018	_RPGMaker
Onyx	2017	_RPGMaker
Superstar Hero	2019	_RPGMaker
Midnight's Blessing	2015	_RPGMaker
3 Stars of Destiny	2014	_RPGMaker
Data Hacker: Reboot	2015	_RPGMaker
Story Of the Survivor	2016	_RPGMaker
Advent	2015	_RPGMaker
拯救大魔王2:逆流 Falsemen2:Upstream	2021	_RPGMaker
Railroad Tracks	2018	_RPGMaker
Chronicles of a Dark Lord: Episode II War of The Abyss	2015	_RPGMaker
Calcu-Late	2016	_RPGMaker
Cladmen	2021	_RPGMaker
Elements II: Hearts of Light	2016	_RPGMaker
Alpha Kimori™ Episode One	2014	_RPGMaker
CyberSex 2069	2021	_RPGMaker
Alisa Quest	2020	_RPGMaker
Estellium Legends	2019	_RPGMaker
Maneki's Curse	2016	_RPGMaker
Link	2016	_RPGMaker
Fated Souls	2015	_RPGMaker
Sugy the Christmas elf	2017	_RPGMaker
Underdone	2017	_RPGMaker
剑与羁绊	2020	_RPGMaker
苍夜	2018	_RPGMaker
Unrested Development	2017	_RPGMaker
Knight`s Pride	2020	_RPGMaker
American Isekai Prologue	2020	_RPGMaker
Vengeful Bat Dungeon Crawler	2019	_RPGMaker
The Dark Stone from Mebara	2015	_RPGMaker
Mistwood Heroes	2016	_RPGMaker
Melting Hearts: Our Love Will Grow 2	2016	_RPGMaker
Kin's Chronicle	2021	_RPGMaker
【IQ3でできるエロRPG】トレジャーハンターアンナ～新米アンナと処女の穴～	2021	_RPGMaker
Be hate Free Interactive	2019	_RPGMaker
Inferno	2020	_RPGMaker
Ladies Orders	2019	_RPGMaker
Blood Knot	2020	_RPGMaker
BoxxyQuest: The Gathering Storm	2020	_RPGMaker
Destiny of Light	2018	_RPGMaker
Memento Vivere	2021	_RPGMaker
Age of Darkness: Die Suche nach Relict	2019	_RPGMaker
Valkyrie: Journey To Midgard	2021	_RPGMaker
Champions of Thora	2020	_RPGMaker
Violet Haunted	2016	_RPGMaker
Above the Skies	2021	_RPGMaker
Source beginning	2018	_RPGMaker
Cosmic Monsters	2019	_RPGMaker
Colossals	2019	_RPGMaker
Fallen Flowers	2021	_RPGMaker
Hero Of The Forest	2019	_RPGMaker
Ostatni Dzien w Pracy	2020	_RPGMaker
勇者的十日人生	2020	_RPGMaker
Our Hero! Two	2021	_RPGMaker
Firon	2019	_RPGMaker
DARK SPHERE	2021	_RPGMaker
Queen's Coast Casino - Uncut	2020	_RPGMaker
Hope for Village	2019	_RPGMaker
Chronicles of a Dark Lord: Rhapsody Clash	2015	_RPGMaker
Hunter's Grimm	2017	_RPGMaker
Shining Plume	2016	_RPGMaker
Great Utopia	2020	_RPGMaker
Time traveler Marie	2019	_RPGMaker
Shadow of the Black Dragon	2018	_RPGMaker
Metempsychosis	2021	_RPGMaker
Agent Lovesdick	2019	_RPGMaker
Hearts of Chaos	2017	_RPGMaker
Last Heroes 4	2017	_RPGMaker
Your Home	2019	_RPGMaker
After All	2015	_RPGMaker
Mathoria: It All Adds Up	2016	_RPGMaker
Erotic Dungeon Survival	2020	_RPGMaker
七神物语	2018	_RPGMaker
Succubus Runa and the Erotic Dungeon	2021	_RPGMaker
Bimirror World Mirage	2020	_RPGMaker
Survival RPG Alisa x Desperate City	2021	_RPGMaker
Victoria's Body	2021	_RPGMaker
Hawks Tactical	2017	_RPGMaker
Alpha/Omega: The Christian RPG	2018	_RPGMaker
冷月清辉照天涯(KUNG FU LEGEND)	2019	_RPGMaker
Sakura and Crit: The Mock Game	2018	_RPGMaker
Sorcerous	2021	_RPGMaker
Escape The Ordinary: Tales of Romina Manor	2021	_RPGMaker
flaming/million	2021	_RPGMaker
Lilly and Sasha: Guardian Angels	2015	_RPGMaker
Ren the Summoner and the Erotic Dungeon	2021	_RPGMaker
Hentai I'm coming!	2020	_RPGMaker
KNIGHT SLAVE -The Dark Valkyrie of Depravity-	2021	_RPGMaker
The Ember Saga: A New Fire	2016	_RPGMaker
Lycah	2017	_RPGMaker
INFINITY	2020	_RPGMaker
Huge Breast Princess Knight Anne	2021	_RPGMaker
My servant and the stranger Astensia	2020	_RPGMaker
Adventurer Liz and the Erotic Dungeon	2021	_RPGMaker
Sexy Heroine! Part 2	2020	_RPGMaker
Hentai Girl Seek	2020	_RPGMaker
El Culto(Demo)	2019	_RPGMaker
陆大迹神Ⅱ	2020	_RPGMaker
问道仙途2	2021	_RPGMaker
The path to domination	2018	_RPGMaker
Ashes of Immortality II - Bad Blood	2017	_RPGMaker
ERR - 001	2016	_RPGMaker
Frontier Runner	2017	_RPGMaker
Deadly Sin	2015	_RPGMaker
Legionwood 2: Rise of the Eternal's Realm	2014	_RPGMaker
This is not RPG	2017	_RPGMaker
Soul for two	2018	_RPGMaker
Moving Day	2017	_RPGMaker
The Legends of Class one 嗨哥一班大冒险	2019	_RPGMaker
逆袭幻想传Reverse Fantasy Legend	2017	_RPGMaker
Vagrant Hearts 2	2015	_RPGMaker
7 Girls War	2021	_RPGMaker
Brother&Sister	2019	_RPGMaker
Lotia®	2017	_RPGMaker
The Logomancer	2015	_RPGMaker
The New Queen	2017	_RPGMaker
Les Fleursword	2017	_RPGMaker
Barter Empire	2015	_RPGMaker
Catacombs 1: Demon War	2017	_RPGMaker
Freedom Cry	2015	_RPGMaker
The Sun Will Rise	2016	_RPGMaker
Girls & Dungeons 2	2019	_RPGMaker
Renegade Grounds: Episode 1	2017	_RPGMaker
Chronicles of Lurra	2018	_RPGMaker
DarkEnd	2014	_RPGMaker
The Sheltered	2015	_RPGMaker
Magical Fable: The Princess of Light	2018	_RPGMaker
我要成为铸剑师	2021	_RPGMaker
幻世情缘 FANTASY LOVE STORY	2018	_RPGMaker
Help Me	2021	_RPGMaker
BADASS	2017	_RPGMaker
魅魔的冒险生活	2020	_RPGMaker
Sweet Lily Dreams	2014	_RPGMaker
Please close the doors	2018	_RPGMaker
Elements: Soul of Fire	2015	_RPGMaker
I'll Put You in Debt	2020	_RPGMaker
Idol Project : NTR	2021	_RPGMaker
Sexy pharmacist Itori-chan	2021	_RPGMaker
Mutiny Island	2019	_RPGMaker
机能女孩-Energy Girl	2018	_RPGMaker
Drayt Empire	2016	_RPGMaker
Squirrel Legacy	2020	_RPGMaker
Tales of the Lumminai	2017	_RPGMaker
Depths of Dread	2016	_RPGMaker
Antarctic Girl 南極娘	2019	_RPGMaker
Fallen Temple	2016	_RPGMaker
Gods of Havoc: Fall to Earth	2019	_RPGMaker
Cover Your Eyes	2020	_RPGMaker
Tormented 12	2016	_RPGMaker
PRiCERPG	2019	_RPGMaker
代号608<CODE 608>	2021	_RPGMaker
Heroines	2021	_RPGMaker
The Lost Game	2019	_RPGMaker
BeiJing Courier Simulator	2019	_RPGMaker
Kira's Contract	2019	_RPGMaker
Dreams Of Adventure	2021	_RPGMaker
Ultima Adventum	2021	_RPGMaker
Victim Cache the RPG	2020	_RPGMaker
世阳教你学防灾	2017	_RPGMaker
Fort	2019	_RPGMaker
Meower's Quest: Jasper's Tale	2018	_RPGMaker
Lumen	2020	_RPGMaker
Forsaken Generation	2017	_RPGMaker
[NTRPG] Xiu Lu Ji 修绿记	2020	_RPGMaker
Wesprau Senki	2020	_RPGMaker
Expansion	2019	_RPGMaker
Trash Can Dungeon - Battle Against The ZOO	2020	_RPGMaker
ライフワン-lifeOne	2019	_RPGMaker
Asteion Nights	2018	_RPGMaker
Heaven And Earth	2017	_RPGMaker
In The Dark	2018	_RPGMaker
Slave Master: The Game	2018	_RPGMaker
Bhavacakra Grace	2019	_RPGMaker
Crypto Quest	2018	_RPGMaker
Valiantia	2020	_RPGMaker
Pantheon	2018	_RPGMaker
酒店二 The Hotel 2	2019	_RPGMaker
Tales from Zilmurik	2020	_RPGMaker
Monster Capture King	2020	_RPGMaker
The Town	2019	_RPGMaker
Heard There Was A Chosen One	2021	_RPGMaker
Daedalic Complex	2018	_RPGMaker
Forgotten Realm RPG	2018	_RPGMaker
Violent Witches: the Vindicator	2021	_RPGMaker
Kobold Slayer	2018	_RPGMaker
Kismet Tapestry	2021	_RPGMaker
PrincessGuardiansParodyH	2019	_RPGMaker
The Summoner	2020	_RPGMaker
The detective ChuLin	2018	_RPGMaker
The Last Islands of Man	2021	_RPGMaker
Saving Simon	2019	_RPGMaker
Chronicles of Elmyra	2021	_RPGMaker
FantasyDynasty: Le château DERETIC	2018	_RPGMaker
Child of Abyss	2020	_RPGMaker
Anonymous Player	2019	_RPGMaker
DVOREC	2021	_RPGMaker
Childhood Gone: Shadowed Wand	2021	_RPGMaker
Hell Firefighter	2021	_RPGMaker
MV Mazes	2020	_RPGMaker
Moonstone Tavern	2016	_RPGMaker
Survive in Angaria TWO	2018	_RPGMaker
LONGING RING OF ESCA	2019	_RPGMaker
票者！小慧的打工大作戰	2021	_RPGMaker
Whisper of a Rose	2014	_RPGMaker
Secret Of Magia	2015	_RPGMaker
ORO	2021	_RPGMaker
Milena's manor house	2021	_RPGMaker
Data Hacker: Corruption	2014	_RPGMaker
STAR-BOX: RPG Adventures in Space!	2015	_RPGMaker
Ashes of Immortality II	2015	_RPGMaker
起源之塔〜地底的欲望探险之旅〜	2020	_RPGMaker
バインドを解除する(unbind)	2018	_RPGMaker
Midnight's Blessing 2	2017	_RPGMaker
The Legend of Tango	2015	_RPGMaker
Slime Kingdom - An Unlikely Adventure!	2021	_RPGMaker
Sons of Triskelion	2017	_RPGMaker
Shopkeepers Tale	2020	_RPGMaker
Anguished	2016	_RPGMaker
Warriors of Vilvatikta	2016	_RPGMaker
ITownGamePlay UNIVERSE	2017	_RPGMaker
Arevan	2015	_RPGMaker
Black River	2017	_RPGMaker
To The Light	2017	_RPGMaker
Jade's Journey 2	2017	_RPGMaker
AMBUSH tactics	2017	_RPGMaker
Defenders of Tetsoidea	2017	_RPGMaker
One Night 2: The Beyond	2018	_RPGMaker
Puzzle Sages	2016	_RPGMaker
Sick Love - An RPG Maker Novel	2019	_RPGMaker
A Winter Story -- Original Edition and Highly Difficult	2021	_RPGMaker
King of Mazes	2018	_RPGMaker
Honor Cry: Aftermath	2018	_RPGMaker
梦本无忧	2018	_RPGMaker
The Life of One Dog	2018	_RPGMaker
Agents of Aggro City Online	2018	_RPGMaker
Whirlpool	2017	_RPGMaker
Invasion: Brain Craving	2016	_RPGMaker
Ecstasy Elf Shotenken -Naruru's Sexy Adventure-	2021	_RPGMaker
The Conjurer's Quest	2021	_RPGMaker
Fear the Dead	2017	_RPGMaker
The Fang	2021	_RPGMaker
遠古大陸外傳-古道的盡頭	2020	_RPGMaker
Fallen Kingdom	2017	_RPGMaker
Dark Shiny	2019	_RPGMaker
HuoChaiRenRPG	2021	_RPGMaker
Beer Bar	2018	_RPGMaker
Chronicles of a Dark Lord: Tides of Fate Remastered	2017	_RPGMaker
Final Quest II	2016	_RPGMaker
1914: Prelude to Chaos	2017	_RPGMaker
Vagrant Hearts Zero	2017	_RPGMaker
Virus Buster	2020	_RPGMaker
GOD's DEATH	2016	_RPGMaker
冒险村传说（Tales of Legends）	2017	_RPGMaker
Final Quest	2016	_RPGMaker
Raiding Area 51 - Break out Waifu	2019	_RPGMaker
The Stranger: Interactive Game	2019	_RPGMaker
The Seeker	2020	_RPGMaker
Angels of Fasaria: Version 2.0	2014	_RPGMaker
Adventure in Kana Village	2018	_RPGMaker
Survive Me Miolhr	2015	_RPGMaker
Solenars Edge II: Champions	2020	_RPGMaker
Apocalypse Hotel - The Post-Apocalyptic Hotel Simulator!	2016	_RPGMaker
The Land of Dasthir	2017	_RPGMaker
Fantasy Hero Manager	2019	_RPGMaker
Hentai Splash	2020	_RPGMaker
Archangel	2017	_RPGMaker
Story: Heaven & Hell	2018	_RPGMaker
Réel Futur	2020	_RPGMaker
Magical inspector Momo	2021	_RPGMaker
The End of an Age: Fading Remnants	2019	_RPGMaker
WWⅡ英雄列伝 泥の中の虎　オットー・カリウス	2018	_RPGMaker
Magical girl's labyrinth	2018	_RPGMaker
传送到别的世界开后宫	2019	_RPGMaker
Guardians of Greenheart	2021	_RPGMaker
Chain Of Eroticism	2021	_RPGMaker
Into the Abyss	2020	_RPGMaker
Night Spasm	2020	_RPGMaker
Kunoichi Ninja	2019	_RPGMaker
The Survivor After	2021	_RPGMaker
梦缚	2018	_RPGMaker
A Dark World: The Glowing City	2019	_RPGMaker
Daraney - Guardian's Rise	2020	_RPGMaker
Ninja Goemon and Immortal Jewels	2017	_RPGMaker
World of Fantasy: Zero	2021	_RPGMaker
Legend of Xion: Royal Story	2020	_RPGMaker
Forgotten World	2018	_RPGMaker
Tusk of Spirit	2020	_RPGMaker
夢限ノ夜	2019	_RPGMaker
缸中之脑：谎言（Brain in a vat lies）	2019	_RPGMaker
PSI Magic	2018	_RPGMaker
The Battles of Spwak	2019	_RPGMaker
Googass	2021	_RPGMaker
剑与园(Sword and Space)	2021	_RPGMaker
Open Space 2D	2018	_RPGMaker
Cursed Town	2021	_RPGMaker
Puzzle & Maze	2021	_RPGMaker
Zenkat	2019	_RPGMaker
- Arcane Raise -	2017	_RPGMaker
Mart and Tetra	2021	_RPGMaker
Seek Girl 2	2020	_RPGMaker
Wizardess Lintiara	2021	_RPGMaker
异界浮尘录	2020	_RPGMaker
The Damathos Clan	2021	_RPGMaker
World Circuit Boxing	2018	_RPGMaker
Fasaria World: Ancients of Moons	2020	_RPGMaker
Dragon Slayer	2019	_RPGMaker
Hydroactive	2017	_RPGMaker
Hippo eating banana	2019	_RPGMaker
The Glow	2015	_RPGMaker
Pit of Evil	2018	_RPGMaker
Divan Chronicles	2019	_RPGMaker
The Doorbreaker	2017	_RPGMaker
The Clans - Saga of the Twins	2015	_RPGMaker
打工妹日记	2019	_RPGMaker
Black Home 2	2018	_RPGMaker
HENTAI SEEK	2020	_RPGMaker
东方幻昼梦~ Touhou Fantasy Day	2020	_RPGMaker
Eaten Alive	2015	_RPGMaker
Terra Incognita	2020	_RPGMaker
Realm of Perpetual Guilds	2015	_RPGMaker
DarkLight	2020	_RPGMaker
Steel & Steam: Episode 1	2014	_RPGMaker
On Board Game	2017	_RPGMaker
位面穿越者-三国传(A Bit Crosser-Three Kingdoms)	2017	_RPGMaker
Two Clusters: Kain	2019	_RPGMaker
Veska & Mina's succubusic journey	2021	_RPGMaker
Demon Tamer	2020	_RPGMaker
Luna and Cynthia	2019	_RPGMaker
伊始之战	2021	_RPGMaker
Creas	2021	_RPGMaker
Hunter Survive Zero	2019	_RPGMaker
Midnight's Curse	2020	_RPGMaker
Traveler of Artcaster	2020	_RPGMaker
Silent Gentleman	2019	_RPGMaker
Princess Sahirah is a Spoiled Brat!	2017	_RPGMaker
Niinamigota	2021	_RPGMaker
The Lightbringers	2020	_RPGMaker
My First Date RPG (Presented by: ExecuteCode.com)	2020	_RPGMaker
Tactical Vanguard Saga	2021	_RPGMaker
DESOLATE: Clone Catastrophe	2018	_RPGMaker
Creatio Ex Nihilo: Aition	2018	_RPGMaker
梦回三国	2021	_RPGMaker
Chinese mother in law	2021	_RPGMaker
Fasaria World Online	2015	_RPGMaker
The Adventures of Fluffy	2017	_RPGMaker
Raywin	2015	_RPGMaker
Hentai Seek Girl	2020	_RPGMaker
Inciu kitan - sacrifice of shrine maiden -	2021	_RPGMaker
Dark Fairy Fantasy	2019	_RPGMaker
Tetsoidea Eternal	2017	_RPGMaker
The Adventures of Kusoge	2018	_RPGMaker
SHELL_BREAK	2018	_RPGMaker
Brain Sanguo	2020	_RPGMaker
Devil_catching_bees	2019	_RPGMaker
24 Hours 'til Rescue	2016	_RPGMaker
You Are Not The Hero	2015	_RPGMaker
QuestEvent	2015	_RPGMaker
Void Monsters 2: The Blight	2020	_RPGMaker
Elian, Elisa, ChatAid	2020	_RPGMaker
Devil Slayer	2021	_RPGMaker
学院英雄梦 HeroDreamOfSchool	2019	_RPGMaker
Truth: Disorder II	2018	_RPGMaker
Girl with a big SWORD	2018	_RPGMaker
Fortune's Tavern - Fantasy Tavern Simulation, Remastered	2017	_RPGMaker
Vickinachi	2017	_RPGMaker
Spring of Decadence	2018	_RPGMaker
Cursed Armor/詛咒铠甲	2018	_RPGMaker
Fortune's Tavern - The Fantasy Tavern Simulator!	2015	_RPGMaker
Watch paint dry		_RPGMaker
异种战争少女	2018	_RPGMaker
Star Shift		_RPGMaker
Mega Milk Story	2018	_RPGMaker
恋野迷踪 ~ Koishi's LUMO	2020	_RPGMaker
Yorna: Monster Girl's Secret	2020	_RPGMaker
兔耳冒險譚	2019	_RPGMaker
Unraveled: Tale of the Shipbreaker's Daughter		_RPGMaker
Escape the Enterprise	2018	_RPGMaker
NekoBooM!	2018	_RPGMaker
Emily's Adventure	2018	_RPGMaker
NTRPG天空花嫁		_RPGMaker
Lazy Devil's game life	2018	_RPGMaker
小白的新衣 / Snower's New Clothes	2019	_RPGMaker
吞食天地 2019	2019	_RPGMaker
咸鱼喵喵		_RPGMaker
封神榜2020	2020	_RPGMaker
翔的堕落人生	2019	_RPGMaker
Original Walker: Prologue	2019	_RPGMaker
Melon Journey 2		_RPGMaker
Selling Sunlight		_RPGMaker
The Cradle of Ruin	2019	_RPGMaker
Mistake Souls	2017	_RPGMaker
Soul of the Devil	2016	_RPGMaker
KeepShopkeeping	2018	_RPGMaker
Agapan	2015	_RPGMaker
Deserted: The Story of Peter	2016	_RPGMaker
古明地五: 与觉大人下情侣棋 ~ Satori Five!	2021	_RPGMaker
Athopiu - The Final Rebirth of Hopeless Incarnate	2017	_RPGMaker
- Arcane RERaise -	2017	_RPGMaker
Agent girl	2018	_RPGMaker
- Arcane preRaise -	2017	_RPGMaker
Barclay: The Marrowdale Murder	2017	_RPGMaker
Youkai-Senki	2021	_RPGMaker
Orphan's Treasure	2017	_RPGMaker
Night of Terror	2017	_RPGMaker
The Exorcist	2017	_RPGMaker
The Player RPG		_RPGMaker
Song of sheep gathering in Philia	2020	_RPGMaker
The Chains That Bound Me		_RPGMaker
Luci:Horror Story	2017	_RPGMaker
Pool of Death	2016	_RPGMaker
Res Judicata: Vale of Myth	2017	_RPGMaker
校园春日	2019	_RPGMaker
On The Path	2017	_RPGMaker
A.L.A.N.	2017	_RPGMaker
My Smug Bully Girlfriend	2021	_RPGMaker
Craft The Mapcrafter:Gathering Magic Words	2021	_RPGMaker
Pereulok: The Series	2017	_RPGMaker
ZAMBI 2 KIL	2017	_RPGMaker
The Dark Tales of Katarina	2017	_RPGMaker
Petrichor	2017	_RPGMaker
BLACKSTONE	2017	_RPGMaker
The Divine Paradox	2016	_RPGMaker
Love: Interactive Therapy	2021	_RPGMaker
Moira: Fated Twins	2019	_RPGMaker
Cult of the Glitch King	2018	_RPGMaker
Franky the Bumwalker	2018	_RPGMaker
聖剣レイヴランシル物語　	2018	_RPGMaker
Gladiators: Ludus Manager	2019	_RPGMaker
Nicolay's Adventure	2017	_RPGMaker
Shirina	2018	_RPGMaker
The Red Moon	2018	_RPGMaker
Tales of Blood and Sand	2019	_RPGMaker
Meditation ~ Spiritual Journey	2020	_RPGMaker
Fairyland: Power Dice	2018	_RPGMaker
Always Sometimes Monsters Demo	2014	_RPGMaker
Benjamin Johnson	2018	_RPGMaker
Flood: The Prequel	2018	_RPGMaker
Monster partner	2017	_RPGMaker
Luise and Secret Basement Rooms	2020	_RPGMaker
Salty wet fight	2020	_RPGMaker
SuperGrind RPG	2019	_RPGMaker
Magic and Challenge RPG	2017	_RPGMaker
Renryuu: Ascension	2021	_RPGMaker
[Neolithic]To the End		_RPGMaker
誅神計畫	2020	_RPGMaker
Adventurers Guild	2021	_RPGMaker
Burglar Girl		_RPGMaker
Selatria		_RPGMaker
The Majesti	2021	_RPGMaker
Monsters of Kanji 2	2020	_RPGMaker
The Bar	2019	_RPGMaker
Dark Fairies	2018	_RPGMaker
Journey of the Sword	2019	_RPGMaker
Hikariblade RPG	2018	_RPGMaker
Magic Academy Estoria	2020	_RPGMaker
Gilded	2018	_RPGMaker
Early Quest	2020	_RPGMaker
Monster Adventurer	2018	_RPGMaker
Punishment Darkness Online	2020	_RPGMaker
乱世奇谋Stratagem in troubled times	2020	_RPGMaker
The not so silent assassin	2020	_RPGMaker
The Olivia Saga	2018	_RPGMaker
Eternal Realm II: Dark Matter	2018	_RPGMaker
Green General	2019	_RPGMaker
Cat of Monte Cristo	2021	_RPGMaker
The Tainted	2021	_RPGMaker
Probability Race	2021	_RPGMaker
Diamond love	2018	_RPGMaker
Torn Earth	2019	_RPGMaker
It comes from hell	2019	_RPGMaker
Magic Synthesis	2018	_RPGMaker
Bugz!	2020	_RPGMaker
Tkl Online Demo	2014	_RPGMaker
游戏：异星	2021	_RPGMaker
Champions Forces	2020	_RPGMaker
The Battles of Spwak 2	2019	_RPGMaker
天空傳説	2019	_RPGMaker
Dash Island	2018	_RPGMaker
Wake Up, Good Guardian!	2019	_RPGMaker
Nihariely’s Spatial Adventure	2020	_RPGMaker
Strawberry Chocolate Miner 8AD 4SS	2021	_RPGMaker
Office Masters	2019	_RPGMaker
Heroes Forces	2019	_RPGMaker
Save the village chief	2019	_RPGMaker
Dark Core	2018	_RPGMaker
A Monster, The Mauler	2020	_RPGMaker
Fatal Curse	2020	_RPGMaker
Our Journeys 3 ~ A Collection of Visual Novels	2020	_RPGMaker
Honor Hill	2020	_RPGMaker
Looking_for_food	2018	_RPGMaker
Redacted Epilogue	2021	_RPGMaker
Strange Nightmares	2021	_RPGMaker
Emma Adventure	2020	_RPGMaker
Little elf	2018	_RPGMaker
MultiMind Challengers	2021	_RPGMaker
生物大冒险	2020	_RPGMaker
Cockatrice Attacking the city	2019	_RPGMaker
Welcome to nightmare	2019	_RPGMaker
Destroy_the_devil	2019	_RPGMaker
Sunshine RPG	2018	_RPGMaker
Prison Break RPG	2018	_RPGMaker
Legend of Dragon Labyrinth	2018	_RPGMaker
Hello Charlotte EP1	2016	_RPGMaker
Meandering Fiend	2019	_RPGMaker
You're Fired!	2019	_RPGMaker
Inside	2018	_RPGMaker
Looking for girls	2021	_RPGMaker
Experience	2019	_RPGMaker
Absolute Adventure Nulla	2018	_RPGMaker
#A		_RPGMaker
Tales from Ahrum	2021	_RPGMaker
筠宝大冒险	2021	_RPGMaker
禁忌	2020	_RPGMaker
Blue sky fighter	2020	_RPGMaker
Attack cockroach save the cake	2019	_RPGMaker
Robot Female Hero 2	2019	_RPGMaker
Reksarych's Sudoku	2018	_RPGMaker
Island sky RPG	2018	_RPGMaker
The treasure of the lost temple	2018	_RPGMaker
Realms of Supremacy	2018	_RPGMaker
Dungescape!	2021	_RPGMaker
A Circle Among Squares	2021	_RPGMaker
出门	2019	_RPGMaker
Lonely shooter	2018	_RPGMaker
Move that Box!		_RPGMaker
Fish man avoiding fishing	2019	_RPGMaker
I face the darkness	2018	_RPGMaker
Spiki Game Box	2019	_RPGMaker
Robot Female Hero 3	2020	_RPGMaker
Survive in a little bit	2019	_RPGMaker
Advent Heroes		_RPGMaker
Three Treason Theories RPG	2018	_RPGMaker
Lost and Found RPG	2018	_RPGMaker
The Blight RPG	2018	_RPGMaker
null		_RPGMaker
BeerLeague Superstar	2021	_RPGMaker
piyipi	2021	_RPGMaker
Shadows Light RPG	2018	_RPGMaker
Slimes RPG	2018	_RPGMaker
Timmy the Tiger's Big Adventure	2021	_RPGMaker
The way home	2021	_RPGMaker
The importance of money	2021	_RPGMaker
The cake is surrounded by shackles	2019	_RPGMaker
Orpheus	2018	_RPGMaker
Block bat invasion	2019	_RPGMaker
The road to revenge		_RPGMaker
Lost Continent	2021	_RPGMaker
